"id","Own","IntentToBuy","BrandAwareness","SubjKnow_r1","SubjKnow_r2","SubjKnow_r3","SubjKnow_r4","SubjKnow_r5","PII_1","PII_2","PII_3","PII_4","PII_5","RelImp_battery","RelImp_weight","RelImp_price","RelImp_sound","Gender","GenderLabel","Age","AgeLabel","Occupation","OccupationLabel","Education","EducationLabel","Income","IncomeLabel","Residence"
8,1,0,4,6,6,6,6,6,5,5,5,5,5,15,10,40,35,1,"female",2,"18-24",3,"Student",2,"High school",2,"501-1000","Germany"
10,1,0,4,5,5,4,5,6,7,6,7,5,6,30,15,5,50,1,"female",2,"18-24",3,"Student",3,"Undergraduate",3,"1001-1500","Germany"
11,1,0,6,5,6,6,5,7,6,5,5,5,5,10,0,45,45,2,"male",3,"25-29",3,"Student",3,"Undergraduate",2,"501-1000","Germany"
12,0,1,5,2,5,3,3,2,4,4,4,4,4,10,0,10,80,2,"male",2,"18-24",1,"Employed",4,"Graduate",1,"<500","Spain"
13,1,0,2,5,6,2,6,6,6,6,6,6,6,50,10,10,30,1,"female",2,"18-24",3,"Student",4,"Graduate",2,"501-1000","Germany"
21,1,0,5,7,7,7,7,7,7,7,7,7,7,35,10,20,35,2,"male",2,"18-24",3,"Student",3,"Undergraduate",2,"501-1000","Germany"
22,1,0,4,6,7,3,6,6,6,6,6,6,5,20,10,30,40,2,"male",3,"25-29",1,"Employed",4,"Graduate",5,"2001-2500","Germany"
23,1,0,4,5,5,5,3,6,6,6,6,5,6,50,5,30,15,1,"female",2,"18-24",3,"Student",3,"Undergraduate",2,"501-1000","Germany"
38,1,0,5,7,6,7,7,6,5,6,6,6,6,60,0,10,30,2,"male",3,"25-29",3,"Student",4,"Graduate",2,"501-1000","Germany"
39,0,1,3,4,5,4,4,4,4,4,4,5,4,30,10,25,35,2,"male",3,"25-29",3,"Student",4,"Graduate",3,"1001-1500","Germany"
44,1,1,6,6,6,6,7,2,4,5,3,4,5,22,15,28,35,2,"male",3,"25-29",3,"Student",2,"High school",2,"501-1000","Germany"
55,1,0,2,5,6,3,6,6,3,3,4,4,4,10,10,50,30,2,"male",4,"30-34",1,"Employed",4,"Graduate",3,"1001-1500","Turkey"
57,1,0,5,7,6,6,6,6,3,5,3,5,4,20,10,30,40,2,"male",3,"25-29",1,"Employed",4,"Graduate",4,"1501-2000","Turkey"
58,0,1,5,4,5,2,5,4,5,5,5,5,5,0,0,20,80,2,"male",3,"25-29",1,"Employed",3,"Undergraduate",2,"501-1000","Turkey"
59,1,0,6,7,7,3,6,6,5,5,7,3,5,15,20,40,25,2,"male",3,"25-29",1,"Employed",4,"Graduate",2,"501-1000","Turkey"
63,0,0,3,3,3,2,3,3,3,3,3,4,3,20,10,55,15,2,"male",5,"35-39",1,"Employed",4,"Graduate",5,"2001-2500","Turkey"
65,0,1,4,6,6,2,3,5,3,3,5,4,3,15,30,30,25,2,"male",3,"25-29",1,"Employed",3,"Undergraduate",3,"1001-1500","Turkey"
66,0,1,7,6,4,3,6,4,4,6,4,6,5,30,20,30,20,2,"male",3,"25-29",1,"Employed",4,"Graduate",2,"501-1000","Turkey"
75,0,0,1,2,2,1,4,2,4,5,5,4,5,33,2,30,35,1,"female",2,"18-24",3,"Student",2,"High school",2,"501-1000","Germany"
77,1,0,3,3,2,2,3,2,6,6,4,4,3,0,0,40,60,1,"female",3,"25-29",1,"Employed",4,"Graduate",8,"rather not say","Turkey"
80,0,0,2,2,2,2,4,2,4,2,5,4,5,40,10,30,20,2,"male",2,"18-24",3,"Student",2,"High school",1,"<500","Germany"
93,0,1,4,5,5,4,6,6,5,6,6,4,5,10,50,20,20,1,"female",2,"18-24",3,"Student",4,"Graduate",2,"501-1000","Germany"
94,0,0,4,2,2,1,4,2,3,4,4,4,5,20,10,30,40,3,"Prefer not to answer",3,"25-29",1,"Employed",4,"Graduate",8,"rather not say","Turkey"
103,1,0,2,6,6,6,6,6,5,7,6,5,5,20,20,40,20,1,"female",3,"25-29",3,"Student",3,"Undergraduate",2,"501-1000","Germany"
105,0,0,1,1,2,1,2,2,1,2,1,1,4,10,10,70,10,2,"male",3,"25-29",3,"Student",3,"Undergraduate",2,"501-1000","Benin"
109,0,0,3,2,3,3,4,3,4,4,3,3,3,15,5,20,60,1,"female",2,"18-24",3,"Student",4,"Graduate",1,"<500","Germany"
111,1,0,5,5,5,2,5,5,2,3,3,2,3,30,5,15,50,2,"male",2,"18-24",3,"Student",4,"Graduate",3,"1001-1500","Germany"
113,0,1,0,2,3,2,4,2,4,4,4,4,4,35,10,5,50,1,"female",3,"25-29",1,"Employed",4,"Graduate",5,"2001-2500","Ghana"
114,0,0,0,4,5,4,5,5,4,4,4,4,4,15,0,75,10,2,"male",2,"18-24",3,"Student",4,"Graduate",3,"1001-1500","Germany"
115,0,0,3,4,3,2,4,2,5,4,4,5,4,20,20,20,40,1,"female",3,"25-29",4,"Unemployed",4,"Graduate",1,"<500","Germany"
119,1,1,5,4,4,3,6,5,4,4,4,4,4,40,10,20,30,2,"male",3,"25-29",3,"Student",4,"Graduate",7,">=3001","China"
133,0,1,5,4,5,4,6,5,5,5,5,5,5,20,10,50,20,1,"female",2,"18-24",3,"Student",3,"Undergraduate",1,"<500","Germany"
136,0,0,1,2,2,2,2,2,2,2,2,2,2,20,10,20,50,3,"Prefer not to answer",2,"18-24",1,"Employed",4,"Graduate",2,"501-1000","China"
138,1,0,2,5,6,5,6,6,2,2,3,2,4,30,10,30,30,2,"male",4,"30-34",1,"Employed",4,"Graduate",3,"1001-1500","Turkey"
144,0,0,0,2,4,2,4,2,4,4,3,1,4,0,0,100,0,2,"male",6,"40-44",2,"Self-employed",2,"High school",8,"rather not say","Germany"
146,0,0,0,3,6,2,5,2,3,4,4,3,4,80,10,10,0,1,"female",8,">=50",1,"Employed",4,"Graduate",8,"rather not say","Germany"
148,0,0,2,4,5,2,4,4,4,4,5,5,4,30,20,10,40,1,"female",3,"25-29",1,"Employed",4,"Graduate",5,"2001-2500","Germany"
149,1,0,2,5,5,2,6,4,4,1,4,4,1,42,6,2,50,1,"female",4,"30-34",1,"Employed",4,"Graduate",7,">=3001","Germany"
151,0,0,8,6,5,4,7,6,1,2,1,1,1,20,20,0,60,2,"male",3,"25-29",4,"Unemployed",3,"Undergraduate",7,">=3001","Germany"
155,1,1,6,2,4,2,6,4,3,3,3,3,4,20,10,20,50,2,"male",2,"18-24",3,"Student",4,"Graduate",8,"rather not say","United States"
158,1,0,3,2,6,4,7,5,6,6,6,6,7,10,20,20,50,1,"female",3,"25-29",3,"Student",4,"Graduate",4,"1501-2000","Germany"
159,0,0,1,2,1,3,4,2,3,4,3,3,6,20,30,25,25,1,"female",2,"18-24",3,"Student",3,"Undergraduate",2,"501-1000","Germany"
161,0,0,0,5,5,1,5,5,5,4,6,5,3,15,15,30,40,2,"male",3,"25-29",1,"Employed",3,"Undergraduate",5,"2001-2500","United States"
168,0,1,3,5,5,2,6,6,5,4,5,4,5,25,10,15,50,2,"male",3,"25-29",3,"Student",4,"Graduate",4,"1501-2000","United States"
176,0,0,1,2,2,1,4,2,1,4,2,2,2,35,10,30,25,2,"male",3,"25-29",3,"Student",3,"Undergraduate",2,"501-1000","Germany"
177,0,0,4,2,2,1,4,2,3,3,3,3,3,30,10,30,30,1,"female",2,"18-24",3,"Student",3,"Undergraduate",1,"<500","Germany"
178,0,1,2,2,2,2,4,2,3,3,2,3,3,10,5,25,60,1,"female",3,"25-29",3,"Student",4,"Graduate",3,"1001-1500","Germany"
183,1,0,6,5,4,5,5,5,5,4,5,5,5,20,10,20,50,2,"male",2,"18-24",3,"Student",2,"High school",1,"<500","Belgium"
184,0,1,1,5,6,4,6,6,4,6,6,6,5,10,10,45,35,1,"female",2,"18-24",3,"Student",4,"Graduate",1,"<500","Belgium"
185,0,0,4,4,4,4,4,4,1,1,1,1,1,10,0,40,50,3,"Prefer not to answer",2,"18-24",3,"Student",3,"Undergraduate",1,"<500","Germany"
187,0,1,4,3,4,3,3,5,4,4,5,5,4,30,5,40,25,1,"female",2,"18-24",3,"Student",3,"Undergraduate",1,"<500","Belgium"
188,0,0,5,2,2,2,3,2,5,4,5,5,5,25,5,35,35,2,"male",2,"18-24",3,"Student",2,"High school",1,"<500","Belgium"
189,1,0,4,4,5,1,4,5,4,4,4,5,3,10,0,90,0,2,"male",3,"25-29",1,"Employed",3,"Undergraduate",8,"rather not say","United States"
191,1,0,1,4,3,4,4,5,6,5,5,6,3,10,10,20,60,1,"female",2,"18-24",1,"Employed",2,"High school",8,"rather not say","Germany"
193,0,0,5,5,5,3,5,5,4,2,5,2,3,10,10,30,50,2,"male",2,"18-24",3,"Student",2,"High school",2,"501-1000","Germany"
205,0,1,3,4,3,4,4,5,5,5,5,4,2,10,40,20,30,2,"male",2,"18-24",3,"Student",4,"Graduate",2,"501-1000","Netherlands"
211,0,0,4,4,5,3,5,5,3,3,4,3,4,20,0,40,40,1,"female",2,"18-24",3,"Student",4,"Graduate",1,"<500","Germany"
212,1,0,2,6,3,5,3,3,7,7,7,7,7,50,5,5,40,2,"male",2,"18-24",2,"Self-employed",2,"High school",4,"1501-2000","Germany"
213,1,0,3,4,5,2,5,5,6,4,5,4,6,25,10,35,30,2,"male",3,"25-29",1,"Employed",4,"Graduate",4,"1501-2000","Germany"
215,1,0,1,6,7,3,3,7,6,5,6,7,6,20,10,20,50,2,"male",3,"25-29",2,"Self-employed",4,"Graduate",7,">=3001","Turkey"
217,0,0,1,2,7,1,2,1,4,4,3,4,5,10,10,30,50,1,"female",2,"18-24",3,"Student",3,"Undergraduate",1,"<500","Belgium"
220,0,1,3,2,2,2,2,2,4,4,5,4,5,25,15,30,30,1,"female",2,"18-24",3,"Student",5,"Other",2,"501-1000","Germany"
221,0,0,2,2,2,2,2,2,4,4,4,4,4,10,10,30,50,2,"male",3,"25-29",1,"Employed",3,"Undergraduate",4,"1501-2000","Turkey"
226,0,1,4,5,5,5,6,3,6,6,6,6,6,20,25,45,10,3,"Prefer not to answer",2,"18-24",3,"Student",4,"Graduate",8,"rather not say","Germany"
229,0,1,1,3,2,2,2,2,4,4,4,4,4,2,0,90,8,2,"male",4,"30-34",2,"Self-employed",3,"Undergraduate",2,"501-1000","Portugal"
231,0,0,4,5,5,2,6,6,6,6,6,6,6,30,10,35,25,2,"male",3,"25-29",3,"Student",3,"Undergraduate",2,"501-1000","Germany"
233,1,0,2,4,5,4,7,6,5,5,5,5,5,20,15,40,25,1,"female",3,"25-29",3,"Student",3,"Undergraduate",2,"501-1000","Germany"
236,1,0,7,6,6,5,6,6,7,6,7,6,7,15,5,30,50,2,"male",3,"25-29",3,"Student",3,"Undergraduate",2,"501-1000","Germany"
237,1,1,4,4,4,4,4,4,5,5,5,4,5,20,10,35,35,1,"female",3,"25-29",3,"Student",4,"Graduate",1,"<500","Germany"
242,0,0,3,2,2,1,3,2,3,2,4,3,2,10,5,25,60,2,"male",2,"18-24",3,"Student",4,"Graduate",1,"<500","China"
243,1,0,6,5,5,3,4,5,5,6,5,7,5,10,5,15,70,2,"male",2,"18-24",3,"Student",3,"Undergraduate",3,"1001-1500","Germany"
244,1,0,0,1,1,1,1,1,7,7,7,7,7,40,10,20,30,2,"male",8,">=50",1,"Employed",3,"Undergraduate",5,"2001-2500","Germany"
250,1,1,1,5,5,4,2,4,5,4,6,5,5,40,1,19,40,2,"male",2,"18-24",3,"Student",2,"High school",8,"rather not say","Bulgaria"
254,0,0,5,2,2,4,4,2,4,4,5,4,5,20,10,50,20,2,"male",3,"25-29",2,"Self-employed",4,"Graduate",1,"<500","Bulgaria"
255,0,1,5,2,2,1,4,2,4,4,5,4,5,30,0,30,40,2,"male",3,"25-29",1,"Employed",4,"Graduate",5,"2001-2500","Denmark"
260,1,0,4,5,6,3,6,6,4,4,4,4,4,35,15,15,35,3,"Prefer not to answer",3,"25-29",1,"Employed",3,"Undergraduate",8,"rather not say","Benin"
266,1,1,3,4,5,2,5,5,5,5,5,5,4,5,5,40,50,1,"female",3,"25-29",3,"Student",4,"Graduate",4,"1501-2000","Denmark"
274,1,1,3,7,1,7,7,7,4,5,7,6,1,10,15,10,65,2,"male",4,"30-34",1,"Employed",4,"Graduate",2,"501-1000","Germany"
276,1,0,4,3,3,3,4,3,2,3,2,2,3,20,15,5,60,2,"male",8,">=50",1,"Employed",2,"High school",7,">=3001","Switzerland"
277,0,0,1,2,2,1,2,2,1,1,1,1,1,10,30,60,0,2,"male",5,"35-39",1,"Employed",3,"Undergraduate",3,"1001-1500","Malaysia"
278,0,0,3,2,2,2,3,2,4,3,4,4,4,30,30,10,30,1,"female",8,">=50",1,"Employed",2,"High school",3,"1001-1500","Switzerland"
281,0,1,1,2,4,2,5,4,5,5,5,3,4,30,0,40,30,2,"male",3,"25-29",1,"Employed",2,"High school",3,"1001-1500","Germany"
282,0,0,4,4,6,3,5,4,2,2,2,2,2,10,10,40,40,2,"male",3,"25-29",1,"Employed",4,"Graduate",2,"501-1000","Turkey"
283,1,0,1,5,3,4,4,3,5,2,1,4,4,40,10,20,30,2,"male",3,"25-29",3,"Student",2,"High school",2,"501-1000","Turkey"
286,0,1,4,6,6,3,6,7,4,4,4,4,4,40,30,15,15,1,"female",2,"18-24",3,"Student",2,"High school",1,"<500","Germany"
287,0,0,3,3,5,2,6,5,6,2,3,2,2,20,10,60,10,1,"female",2,"18-24",3,"Student",4,"Graduate",2,"501-1000","Germany"
291,0,0,6,6,6,2,6,6,4,4,4,4,4,25,10,25,40,2,"male",3,"25-29",2,"Self-employed",4,"Graduate",4,"1501-2000","Germany"
296,1,0,4,5,6,4,5,6,6,6,6,6,6,15,5,30,50,1,"female",5,"35-39",1,"Employed",4,"Graduate",1,"<500","Malaysia"
297,0,0,2,1,1,1,2,1,1,3,1,3,3,20,20,40,20,1,"female",2,"18-24",4,"Unemployed",4,"Graduate",1,"<500","Syria"
299,0,0,2,1,1,1,2,1,2,2,2,2,2,20,10,50,20,1,"female",8,">=50",4,"Unemployed",4,"Graduate",3,"1001-1500","Syria"
301,0,0,3,2,2,1,2,2,1,2,1,1,1,20,20,40,20,2,"male",8,">=50",2,"Self-employed",4,"Graduate",7,">=3001","Syria"
302,1,0,4,5,6,3,6,6,6,6,6,6,6,20,20,30,30,2,"male",2,"18-24",4,"Unemployed",4,"Graduate",2,"501-1000","Syria"
305,0,0,2,1,7,1,7,7,1,1,1,1,1,10,5,80,5,1,"female",8,">=50",1,"Employed",4,"Graduate",8,"rather not say","Germany"
317,0,0,5,3,5,1,6,4,1,1,1,1,1,20,20,0,60,2,"male",3,"25-29",1,"Employed",4,"Graduate",7,">=3001","Germany"
321,1,0,4,7,7,6,6,7,6,6,5,6,5,15,5,20,60,2,"male",3,"25-29",1,"Employed",4,"Graduate",4,"1501-2000","Germany"
322,0,0,3,1,2,2,1,1,2,2,2,2,2,20,20,40,20,1,"female",7,"45-49",4,"Unemployed",4,"Graduate",2,"501-1000","Syria"
323,0,0,4,2,2,2,2,2,1,2,1,1,1,20,20,30,30,1,"female",8,">=50",4,"Unemployed",4,"Graduate",2,"501-1000","Syria"
324,0,0,4,2,2,2,2,2,2,2,2,2,2,30,10,30,30,2,"male",7,"45-49",1,"Employed",4,"Graduate",3,"1001-1500","Syria"
325,1,0,4,6,6,4,6,5,5,5,6,5,5,20,20,40,20,2,"male",1,"<18",3,"Student",3,"Undergraduate",1,"<500","Syria"
326,1,0,4,6,7,6,6,6,7,7,7,6,7,30,20,10,40,2,"male",4,"30-34",1,"Employed",4,"Graduate",6,"2501-3000","United Kingdom"
327,1,0,6,6,6,5,6,6,4,5,6,5,6,20,20,30,30,2,"male",4,"30-34",3,"Student",4,"Graduate",2,"501-1000","Germany"
329,0,1,2,2,3,3,4,5,4,3,3,3,2,20,30,20,30,2,"male",2,"18-24",4,"Unemployed",4,"Graduate",8,"rather not say","China"
331,0,1,3,2,2,2,3,3,7,6,7,6,2,50,10,10,30,1,"female",3,"25-29",1,"Employed",3,"Undergraduate",1,"<500","Bulgaria"
337,0,1,5,3,4,2,4,5,3,4,5,4,4,20,10,30,40,2,"male",4,"30-34",1,"Employed",4,"Graduate",8,"rather not say","Bulgaria"
344,1,0,6,3,3,3,2,3,2,2,2,2,2,40,5,40,15,1,"female",2,"18-24",1,"Employed",4,"Graduate",8,"rather not say","Turkey"
346,1,1,3,5,5,3,5,5,6,6,6,5,5,15,5,40,40,1,"female",3,"25-29",1,"Employed",4,"Graduate",3,"1001-1500","Turkey"
353,0,1,3,6,5,6,6,6,3,4,3,4,3,5,15,50,30,2,"male",3,"25-29",3,"Student",4,"Graduate",2,"501-1000","Germany"
355,0,1,6,4,6,5,4,6,6,5,6,6,6,30,10,30,30,2,"male",3,"25-29",4,"Unemployed",4,"Graduate",8,"rather not say","Germany"
356,0,1,3,2,2,1,2,2,4,5,5,4,4,30,20,20,30,1,"female",2,"18-24",3,"Student",4,"Graduate",1,"<500","Belgium"
357,1,0,5,6,6,4,6,6,7,7,7,7,7,20,10,30,40,2,"male",2,"18-24",3,"Student",2,"High school",2,"501-1000","United States"
358,1,1,2,6,3,4,3,4,4,5,4,3,4,50,20,5,25,2,"male",4,"30-34",4,"Unemployed",4,"Graduate",7,">=3001","United States"
367,0,0,3,4,3,2,5,4,5,4,2,4,5,24,22,20,34,2,"male",3,"25-29",1,"Employed",2,"High school",6,"2501-3000","Germany"
376,0,0,0,5,5,2,4,4,1,2,1,1,2,4,0,90,6,1,"female",2,"18-24",1,"Employed",3,"Undergraduate",3,"1001-1500","Germany"
377,0,1,2,6,6,4,4,6,5,3,4,3,5,10,0,50,40,3,"Prefer not to answer",2,"18-24",3,"Student",2,"High school",1,"<500","Iran"
380,0,0,0,2,2,1,4,2,3,4,3,4,3,30,0,70,0,2,"male",8,">=50",2,"Self-employed",4,"Graduate",5,"2001-2500","Germany"
381,1,0,4,6,5,2,6,5,6,6,6,6,6,50,30,10,10,3,"Prefer not to answer",2,"18-24",1,"Employed",3,"Undergraduate",3,"1001-1500","Russia"
382,1,1,4,2,2,2,4,2,5,5,5,5,4,40,0,0,60,2,"male",3,"25-29",1,"Employed",1,"Less than high school",7,">=3001","Finland"
384,1,0,5,5,6,4,4,5,6,5,6,4,5,20,10,30,40,1,"female",2,"18-24",1,"Employed",3,"Undergraduate",4,"1501-2000","Germany"
385,1,0,5,5,5,5,5,5,4,5,4,4,3,10,20,30,40,2,"male",3,"25-29",3,"Student",3,"Undergraduate",3,"1001-1500","Netherlands"
388,1,0,3,2,5,3,5,6,5,4,5,4,5,15,20,40,25,1,"female",2,"18-24",3,"Student",3,"Undergraduate",2,"501-1000","Germany"
390,0,1,3,5,3,1,3,5,5,5,5,5,5,20,5,25,50,2,"male",4,"30-34",1,"Employed",4,"Graduate",3,"1001-1500","Turkey"
396,0,0,2,3,3,2,4,3,3,3,5,3,3,20,30,30,20,2,"male",3,"25-29",3,"Student",3,"Undergraduate",8,"rather not say","Germany"
399,0,1,5,5,5,4,5,5,4,6,4,3,6,30,20,20,30,1,"female",2,"18-24",1,"Employed",4,"Graduate",5,"2001-2500","Germany"
400,0,1,4,2,1,1,4,1,5,4,4,4,3,10,20,20,50,1,"female",8,">=50",1,"Employed",4,"Graduate",8,"rather not say","France"
401,0,1,4,7,7,6,7,7,6,4,6,5,5,30,0,0,70,2,"male",3,"25-29",3,"Student",3,"Undergraduate",1,"<500","Germany"
403,1,0,4,6,6,4,5,6,6,6,6,6,6,30,5,35,30,2,"male",2,"18-24",1,"Employed",2,"High school",5,"2001-2500","Germany"
411,0,1,5,3,3,3,4,5,4,4,4,4,3,10,25,30,35,2,"male",3,"25-29",3,"Student",4,"Graduate",3,"1001-1500","China"
414,0,1,1,4,5,4,6,6,4,4,4,4,4,5,15,40,40,2,"male",2,"18-24",3,"Student",2,"High school",2,"501-1000","Germany"
415,0,0,1,3,3,2,3,2,2,6,5,3,6,5,5,40,50,1,"female",2,"18-24",3,"Student",3,"Undergraduate",1,"<500","Germany"
416,0,1,2,4,3,3,3,2,2,6,6,7,7,25,15,35,25,1,"female",2,"18-24",3,"Student",3,"Undergraduate",1,"<500","France"
417,0,0,0,2,2,1,2,2,3,3,3,5,3,30,0,40,30,1,"female",8,">=50",1,"Employed",2,"High school",5,"2001-2500","Germany"
418,1,0,8,7,1,7,7,7,5,6,6,6,6,15,10,25,50,2,"male",3,"25-29",3,"Student",4,"Graduate",4,"1501-2000","Germany"
429,0,0,8,6,6,5,7,6,5,4,4,4,4,10,0,30,60,2,"male",3,"25-29",3,"Student",3,"Undergraduate",2,"501-1000","Germany"
438,0,0,0,1,1,1,1,1,1,1,1,1,1,25,15,35,25,1,"female",2,"18-24",3,"Student",3,"Undergraduate",2,"501-1000","China"
440,0,0,2,2,2,2,2,2,2,3,2,3,5,60,0,40,0,1,"female",2,"18-24",3,"Student",4,"Graduate",1,"<500","United Kingdom"
448,1,1,1,3,6,2,6,4,5,4,3,5,4,10,10,10,70,2,"male",2,"18-24",3,"Student",3,"Undergraduate",2,"501-1000","Germany"
449,0,1,2,2,2,2,4,2,2,4,4,3,2,15,5,35,45,1,"female",2,"18-24",3,"Student",3,"Undergraduate",1,"<500","China"
456,0,1,5,2,3,2,4,3,4,4,4,4,2,30,10,10,50,2,"male",8,">=50",1,"Employed",1,"Less than high school",7,">=3001","Germany"
458,1,0,5,2,2,2,3,3,5,6,6,5,6,10,0,30,60,1,"female",2,"18-24",3,"Student",2,"High school",1,"<500","Germany"
459,1,0,5,2,2,4,4,3,5,6,5,6,6,25,10,40,25,1,"female",3,"25-29",1,"Employed",2,"High school",4,"1501-2000","Germany"
464,1,0,2,1,1,1,1,1,4,4,4,4,4,10,30,30,30,1,"female",8,">=50",1,"Employed",4,"Graduate",8,"rather not say","United States"
466,0,1,1,2,3,2,4,3,5,6,4,5,4,20,20,40,20,1,"female",3,"25-29",4,"Unemployed",4,"Graduate",3,"1001-1500","Germany"
467,1,0,1,5,4,2,4,6,6,5,5,5,4,15,5,0,80,1,"female",3,"25-29",3,"Student",4,"Graduate",8,"rather not say","Germany"
469,0,0,2,2,2,1,2,2,1,1,1,1,1,20,10,65,5,1,"female",2,"18-24",3,"Student",4,"Graduate",2,"501-1000","Germany"
471,0,0,4,2,4,2,2,2,3,5,4,5,3,5,5,50,40,1,"female",2,"18-24",3,"Student",2,"High school",1,"<500","France"
483,1,0,5,4,3,6,5,4,6,7,7,5,6,25,5,20,50,3,"Prefer not to answer",3,"25-29",3,"Student",3,"Undergraduate",2,"501-1000","Germany"
486,1,0,5,3,5,3,4,5,2,3,3,2,3,30,10,20,40,1,"female",2,"18-24",3,"Student",2,"High school",2,"501-1000","Germany"
488,0,1,1,3,3,1,4,2,2,4,4,5,4,50,0,0,50,1,"female",2,"18-24",1,"Employed",4,"Graduate",2,"501-1000","Turkey"
490,0,1,5,2,2,5,6,6,4,6,5,5,5,10,0,70,20,2,"male",2,"18-24",3,"Student",3,"Undergraduate",2,"501-1000","China"
502,0,1,3,1,1,1,7,1,3,3,3,2,4,25,25,40,10,2,"male",2,"18-24",3,"Student",3,"Undergraduate",1,"<500","Turkey"
505,0,0,3,5,2,2,4,3,3,3,3,4,3,20,0,30,50,2,"male",2,"18-24",3,"Student",2,"High school",1,"<500","Turkey"
507,1,1,3,7,7,7,7,7,7,7,7,7,7,50,1,1,48,2,"male",3,"25-29",2,"Self-employed",4,"Graduate",7,">=3001","Turkey"
512,1,1,1,5,5,3,5,5,6,5,5,5,5,30,20,40,10,2,"male",2,"18-24",3,"Student",2,"High school",1,"<500","Turkey"
513,1,0,7,7,7,5,7,7,4,5,3,5,2,20,20,20,40,2,"male",3,"25-29",1,"Employed",4,"Graduate",4,"1501-2000","Turkey"
515,0,1,4,3,5,2,3,3,6,6,6,6,2,20,10,30,40,1,"female",3,"25-29",3,"Student",4,"Graduate",2,"501-1000","Turkey"
516,1,0,5,4,5,2,5,5,5,5,6,5,6,15,5,10,70,1,"female",2,"18-24",3,"Student",3,"Undergraduate",1,"<500","Germany"
524,0,1,5,2,3,3,4,3,5,6,5,5,5,30,10,30,30,1,"female",4,"30-34",1,"Employed",3,"Undergraduate",4,"1501-2000","Turkey"
528,1,1,5,6,6,5,6,7,5,4,5,5,6,15,5,30,50,2,"male",3,"25-29",1,"Employed",4,"Graduate",2,"501-1000","Germany"
530,0,0,7,5,5,2,5,5,5,5,6,6,5,20,5,35,40,1,"female",2,"18-24",3,"Student",2,"High school",2,"501-1000","Turkey"
531,1,0,4,2,3,4,2,2,5,5,4,5,4,5,5,10,80,1,"female",8,">=50",1,"Employed",5,"Other",3,"1001-1500","Germany"
533,0,0,6,6,6,5,6,6,4,4,4,4,4,20,20,10,50,2,"male",2,"18-24",1,"Employed",3,"Undergraduate",7,">=3001","Turkey"
535,0,0,3,2,2,1,5,2,4,4,2,2,2,20,20,10,50,1,"female",2,"18-24",3,"Student",2,"High school",3,"1001-1500","Germany"
592,0,1,0,2,2,2,5,2,3,3,3,3,2,15,30,40,15,2,"male",2,"18-24",3,"Student",2,"High school",1,"<500","Turkey"
596,0,1,5,5,5,3,5,6,6,6,6,6,6,15,10,15,60,1,"female",4,"30-34",2,"Self-employed",4,"Graduate",2,"501-1000","Germany"
599,0,0,0,2,2,1,2,2,2,3,3,3,3,15,15,50,20,2,"male",4,"30-34",1,"Employed",4,"Graduate",8,"rather not say","Finland"
602,0,1,4,5,4,2,6,5,5,4,5,4,5,25,25,40,10,2,"male",3,"25-29",3,"Student",3,"Undergraduate",8,"rather not say","United States"
606,0,0,3,3,3,3,3,3,3,2,4,5,3,30,10,40,20,1,"female",2,"18-24",3,"Student",2,"High school",1,"<500","Turkey"
618,1,0,4,6,2,5,6,7,7,7,6,7,6,30,1,9,60,2,"male",2,"18-24",3,"Student",3,"Undergraduate",8,"rather not say","Turkey"
620,0,0,0,3,2,1,2,2,4,4,4,5,5,20,10,20,50,2,"male",2,"18-24",3,"Student",2,"High school",2,"501-1000","United Kingdom"
623,0,0,2,5,4,2,5,6,4,3,5,3,4,30,20,0,50,1,"female",8,">=50",2,"Self-employed",4,"Graduate",8,"rather not say","Belgium"
628,0,1,0,2,2,1,3,2,4,4,4,4,4,10,0,50,40,1,"female",2,"18-24",1,"Employed",4,"Graduate",2,"501-1000","Turkey"
629,0,0,5,2,2,2,2,2,5,5,5,5,5,35,0,50,15,1,"female",2,"18-24",3,"Student",2,"High school",1,"<500","Germany"
630,0,0,4,2,2,2,4,2,4,4,4,4,4,25,10,35,30,1,"female",2,"18-24",3,"Student",3,"Undergraduate",8,"rather not say","Germany"
631,0,0,5,4,5,3,5,6,4,5,4,4,5,20,10,40,30,2,"male",2,"18-24",3,"Student",4,"Graduate",2,"501-1000","Turkey"
632,0,1,5,2,2,2,5,2,5,4,4,5,6,20,10,20,50,1,"female",2,"18-24",2,"Self-employed",2,"High school",3,"1001-1500","Germany"
633,0,1,5,5,6,5,5,6,5,3,4,3,5,30,15,30,25,1,"female",2,"18-24",3,"Student",4,"Graduate",2,"501-1000","Germany"
636,1,1,1,2,2,1,5,3,3,5,2,3,3,20,40,30,10,1,"female",2,"18-24",3,"Student",2,"High school",2,"501-1000","Turkey"
639,1,0,1,3,3,2,4,5,6,5,5,5,5,40,10,10,40,1,"female",2,"18-24",3,"Student",2,"High school",2,"501-1000","Germany"
642,1,0,5,6,5,3,5,5,1,4,1,1,1,10,5,80,5,2,"male",2,"18-24",3,"Student",3,"Undergraduate",2,"501-1000","Germany"
643,1,1,4,6,6,4,6,6,6,5,5,5,5,20,5,25,50,1,"female",3,"25-29",3,"Student",3,"Undergraduate",2,"501-1000","Germany"
645,0,1,2,3,3,3,4,4,5,4,3,5,5,10,8,12,70,1,"female",3,"25-29",3,"Student",2,"High school",2,"501-1000","Germany"
650,1,0,7,5,5,4,5,5,4,5,3,3,5,25,5,20,50,2,"male",3,"25-29",3,"Student",2,"High school",3,"1001-1500","Germany"
652,1,0,1,2,6,2,4,2,3,2,2,2,2,20,40,10,30,1,"female",8,">=50",1,"Employed",4,"Graduate",7,">=3001","Finland"
653,1,1,2,5,5,5,4,4,2,6,2,5,3,20,20,10,50,2,"male",3,"25-29",3,"Student",2,"High school",3,"1001-1500","Turkey"
660,1,0,1,5,6,3,5,4,6,7,7,6,7,40,0,20,40,3,"Prefer not to answer",2,"18-24",1,"Employed",4,"Graduate",4,"1501-2000","Netherlands"
664,1,0,1,3,4,2,5,4,2,4,3,3,3,30,10,50,10,2,"male",6,"40-44",1,"Employed",2,"High school",7,">=3001","Germany"
668,1,0,3,2,2,2,2,2,4,5,4,4,3,25,15,30,30,2,"male",3,"25-29",3,"Student",3,"Undergraduate",3,"1001-1500","Finland"
671,0,0,4,6,6,4,6,6,2,2,2,2,3,20,5,40,35,2,"male",4,"30-34",1,"Employed",3,"Undergraduate",5,"2001-2500","Saudi Arabia"
673,0,1,4,5,6,5,6,6,4,4,6,5,5,20,20,30,30,1,"female",4,"30-34",1,"Employed",4,"Graduate",8,"rather not say","Germany"
674,0,0,2,2,4,3,4,4,4,4,5,4,5,20,15,35,30,2,"male",2,"18-24",3,"Student",2,"High school",2,"501-1000","Germany"
676,0,0,3,4,4,2,5,5,4,4,3,3,3,88,4,4,4,2,"male",3,"25-29",1,"Employed",4,"Graduate",7,">=3001","Saudi Arabia"
678,1,0,5,3,3,2,4,3,3,4,5,3,5,30,0,0,70,2,"male",4,"30-34",2,"Self-employed",4,"Graduate",7,">=3001","Germany"
681,1,1,2,4,4,2,6,5,6,7,7,6,2,10,20,30,40,2,"male",3,"25-29",3,"Student",3,"Undergraduate",2,"501-1000","Finland"
683,1,0,4,6,6,5,7,6,5,6,6,5,4,20,15,30,35,2,"male",3,"25-29",3,"Student",3,"Undergraduate",2,"501-1000","Netherlands"
687,0,0,1,4,4,5,4,4,3,2,3,4,5,30,5,15,50,2,"male",8,">=50",1,"Employed",4,"Graduate",8,"rather not say","Germany"
688,0,1,5,2,2,2,2,3,5,5,6,5,4,20,10,35,35,1,"female",2,"18-24",3,"Student",4,"Graduate",1,"<500","Germany"
697,0,0,1,2,2,1,3,3,5,5,5,5,5,20,20,35,25,1,"female",4,"30-34",3,"Student",3,"Undergraduate",2,"501-1000","Germany"
698,1,0,1,6,7,5,7,7,6,6,6,6,6,20,0,10,70,2,"male",7,"45-49",1,"Employed",2,"High school",8,"rather not say","Germany"
700,1,0,1,4,2,5,6,5,2,3,2,2,3,40,20,10,30,2,"male",5,"35-39",1,"Employed",4,"Graduate",7,">=3001","Germany"
702,1,1,1,6,6,4,6,6,5,6,7,7,6,25,10,25,40,2,"male",5,"35-39",1,"Employed",4,"Graduate",7,">=3001","Saudi Arabia"
703,1,0,7,4,4,4,4,4,3,5,2,3,4,50,5,40,5,1,"female",3,"25-29",1,"Employed",4,"Graduate",7,">=3001","Germany"
704,1,0,3,6,6,5,6,6,5,6,6,6,5,20,10,10,60,2,"male",8,">=50",2,"Self-employed",4,"Graduate",7,">=3001","Belgium"
705,1,0,2,5,6,4,6,5,3,4,4,5,4,40,0,40,20,2,"male",2,"18-24",3,"Student",4,"Graduate",2,"501-1000","Switzerland"
706,0,0,1,2,2,2,4,4,6,4,4,5,4,30,20,20,30,3,"Prefer not to answer",7,"45-49",1,"Employed",2,"High school",8,"rather not say","Austria"
712,1,0,0,2,2,1,4,2,5,4,5,5,4,11,11,50,28,1,"female",8,">=50",2,"Self-employed",4,"Graduate",4,"1501-2000","Germany"
714,1,0,5,4,4,2,5,3,6,6,6,7,6,60,5,20,15,2,"male",2,"18-24",3,"Student",3,"Undergraduate",8,"rather not say","Germany"
715,1,1,5,6,6,4,6,6,6,6,6,6,6,15,5,15,65,2,"male",4,"30-34",1,"Employed",4,"Graduate",4,"1501-2000","Saudi Arabia"
716,0,0,0,1,1,1,2,1,2,5,3,4,5,15,2,70,13,1,"female",2,"18-24",3,"Student",4,"Graduate",1,"<500","Germany"
718,0,0,2,3,4,2,6,4,3,2,2,3,2,30,10,40,20,1,"female",2,"18-24",3,"Student",2,"High school",1,"<500","Germany"
727,1,0,6,5,5,4,5,5,2,4,4,5,3,0,0,0,100,2,"male",5,"35-39",4,"Unemployed",2,"High school",5,"2001-2500","Saudi Arabia"
729,1,1,3,6,6,5,6,7,7,6,5,5,5,20,10,20,50,1,"female",2,"18-24",3,"Student",3,"Undergraduate",2,"501-1000","Germany"
734,0,0,2,2,2,1,3,3,4,5,2,3,4,15,30,25,30,1,"female",2,"18-24",3,"Student",2,"High school",2,"501-1000","Germany"
737,1,1,3,5,5,2,6,6,6,5,6,4,5,20,5,15,60,2,"male",3,"25-29",3,"Student",3,"Undergraduate",2,"501-1000","Switzerland"
742,0,0,3,2,2,1,2,3,4,4,4,4,4,25,10,30,35,1,"female",3,"25-29",3,"Student",3,"Undergraduate",2,"501-1000","Germany"
745,0,1,3,6,6,4,6,6,7,5,6,7,6,25,5,10,60,2,"male",3,"25-29",1,"Employed",4,"Graduate",3,"1001-1500","Germany"
748,1,0,0,2,3,1,3,5,5,2,6,5,3,40,10,40,10,1,"female",3,"25-29",3,"Student",4,"Graduate",1,"<500","Germany"
749,0,0,1,2,2,2,3,2,4,4,4,5,4,20,40,20,20,1,"female",2,"18-24",1,"Employed",4,"Graduate",2,"501-1000","Germany"
751,0,1,3,3,3,2,2,3,5,6,5,5,6,30,5,30,35,1,"female",2,"18-24",3,"Student",2,"High school",2,"501-1000","Germany"
752,0,0,2,2,2,1,4,3,7,2,7,6,2,0,0,100,0,1,"female",2,"18-24",3,"Student",3,"Undergraduate",3,"1001-1500","Germany"
754,1,1,2,2,3,2,5,3,3,3,4,3,3,10,40,20,30,1,"female",2,"18-24",3,"Student",2,"High school",2,"501-1000","Germany"
758,0,0,1,2,3,2,4,3,3,4,3,3,3,10,15,50,25,2,"male",4,"30-34",1,"Employed",3,"Undergraduate",4,"1501-2000","Saudi Arabia"
759,1,0,5,3,3,2,3,3,3,5,3,3,5,30,15,15,40,1,"female",2,"18-24",3,"Student",4,"Graduate",1,"<500","Germany"
763,0,1,2,3,4,2,4,3,5,5,5,5,5,35,10,20,35,1,"female",3,"25-29",3,"Student",4,"Graduate",3,"1001-1500","Germany"
766,1,0,5,4,6,5,5,6,6,5,5,4,5,30,20,20,30,2,"male",3,"25-29",1,"Employed",3,"Undergraduate",5,"2001-2500","Germany"
769,1,0,0,2,2,2,4,2,6,5,6,6,3,15,0,15,70,1,"female",2,"18-24",1,"Employed",4,"Graduate",5,"2001-2500","Germany"
770,0,1,4,5,5,5,5,6,6,6,6,6,6,20,10,20,50,2,"male",3,"25-29",1,"Employed",4,"Graduate",6,"2501-3000","Germany"
772,1,1,3,2,2,2,2,3,4,4,6,4,5,30,10,30,30,1,"female",3,"25-29",3,"Student",4,"Graduate",2,"501-1000","Germany"
775,0,0,0,1,1,1,2,1,1,1,1,1,1,10,10,20,60,1,"female",5,"35-39",1,"Employed",4,"Graduate",4,"1501-2000","Germany"
779,0,1,4,3,3,2,6,4,4,4,5,5,5,15,5,30,50,2,"male",2,"18-24",3,"Student",2,"High school",1,"<500","Belgium"
780,0,0,2,5,6,2,5,7,5,5,5,5,5,10,15,30,45,2,"male",3,"25-29",3,"Student",3,"Undergraduate",2,"501-1000","Germany"
784,0,1,4,6,4,6,4,6,6,4,3,4,3,30,10,30,30,2,"male",3,"25-29",1,"Employed",4,"Graduate",5,"2001-2500","Germany"
785,1,0,4,2,4,2,5,2,5,5,5,5,5,50,0,10,40,1,"female",2,"18-24",3,"Student",2,"High school",2,"501-1000","Germany"
788,0,0,2,2,2,1,2,2,3,3,3,3,3,30,20,20,30,1,"female",2,"18-24",3,"Student",2,"High school",1,"<500","Italy"
790,1,0,3,4,4,4,4,5,3,3,5,5,3,10,5,35,50,2,"male",2,"18-24",3,"Student",2,"High school",1,"<500","Belgium"
792,0,1,4,6,7,5,5,6,5,3,5,4,5,30,5,5,60,2,"male",2,"18-24",3,"Student",3,"Undergraduate",2,"501-1000","Belgium"
793,1,0,2,4,4,2,5,5,5,6,5,6,5,15,20,25,40,1,"female",2,"18-24",3,"Student",4,"Graduate",1,"<500","Belgium"
794,1,0,6,6,6,6,6,6,5,4,7,4,4,30,0,40,30,2,"male",2,"18-24",3,"Student",3,"Undergraduate",1,"<500","Belgium"
795,0,0,1,3,3,2,5,3,5,5,5,5,5,30,10,20,40,2,"male",2,"18-24",3,"Student",2,"High school",8,"rather not say","Belgium"
796,0,0,3,2,2,1,2,2,1,4,4,1,1,20,20,40,20,1,"female",2,"18-24",3,"Student",2,"High school",1,"<500","Belgium"
797,1,0,4,6,4,4,6,6,5,5,5,5,5,20,10,60,10,1,"female",2,"18-24",3,"Student",4,"Graduate",1,"<500","Belgium"
800,0,0,0,2,2,1,2,1,5,4,5,3,4,20,30,20,30,1,"female",2,"18-24",3,"Student",4,"Graduate",1,"<500","Belgium"
809,1,0,0,3,3,3,6,6,4,5,6,6,6,10,10,50,30,1,"female",2,"18-24",3,"Student",2,"High school",1,"<500","Belgium"
810,0,1,4,5,5,2,6,5,5,5,5,5,5,30,5,35,30,2,"male",2,"18-24",3,"Student",3,"Undergraduate",2,"501-1000","Germany"
811,0,0,5,6,6,4,6,6,6,4,2,4,3,20,30,30,20,2,"male",2,"18-24",3,"Student",2,"High school",1,"<500","Belgium"
813,1,0,5,5,6,5,6,6,5,6,6,5,2,25,5,25,45,2,"male",2,"18-24",3,"Student",2,"High school",1,"<500","Belgium"
815,0,0,0,2,2,1,4,2,2,3,2,2,3,50,5,30,15,1,"female",3,"25-29",3,"Student",4,"Graduate",2,"501-1000","Germany"
819,1,0,3,2,5,1,4,5,2,3,3,3,4,30,10,20,40,1,"female",2,"18-24",3,"Student",2,"High school",1,"<500","Germany"
821,1,0,5,5,5,5,4,5,4,5,6,4,5,10,10,20,60,2,"male",3,"25-29",3,"Student",3,"Undergraduate",2,"501-1000","Germany"
822,0,0,1,2,6,6,6,4,2,3,3,3,3,15,20,25,40,2,"male",8,">=50",1,"Employed",3,"Undergraduate",4,"1501-2000","Germany"
823,1,0,4,5,5,4,4,5,5,5,5,5,5,10,10,30,50,2,"male",2,"18-24",1,"Employed",4,"Graduate",5,"2001-2500","Germany"
824,0,0,1,5,6,1,2,3,5,3,3,3,3,50,0,50,0,2,"male",5,"35-39",1,"Employed",4,"Graduate",8,"rather not say","Germany"
826,0,0,0,4,5,2,4,5,1,1,1,1,1,25,25,25,25,3,"Prefer not to answer",3,"25-29",1,"Employed",4,"Graduate",1,"<500","Germany"
828,1,0,5,4,7,3,6,6,7,4,6,5,5,20,5,15,60,2,"male",2,"18-24",3,"Student",2,"High school",3,"1001-1500","Germany"
833,1,0,4,5,6,4,5,6,5,5,2,5,6,20,20,30,30,1,"female",2,"18-24",3,"Student",3,"Undergraduate",3,"1001-1500","Germany"
834,1,0,1,3,3,5,3,3,5,2,5,5,1,10,5,10,75,2,"male",8,">=50",1,"Employed",4,"Graduate",7,">=3001","Germany"
839,1,1,8,6,6,6,6,3,2,6,6,3,4,30,0,10,60,2,"male",3,"25-29",1,"Employed",4,"Graduate",5,"2001-2500","Germany"
843,1,1,3,3,3,3,5,3,5,6,4,6,5,25,15,20,40,1,"female",1,"<18",3,"Student",1,"Less than high school",8,"rather not say","Vietnam"
846,0,0,0,1,1,7,1,1,4,4,4,4,4,10,10,60,20,1,"female",8,">=50",1,"Employed",4,"Graduate",5,"2001-2500","Germany"
848,1,0,3,2,2,3,3,2,6,5,6,6,5,20,10,10,60,1,"female",2,"18-24",3,"Student",2,"High school",2,"501-1000","Germany"
849,1,1,8,6,7,5,7,7,5,5,5,5,5,25,15,20,40,2,"male",2,"18-24",3,"Student",2,"High school",3,"1001-1500","Germany"
852,0,1,2,2,2,2,2,2,4,5,5,5,5,20,5,10,65,1,"female",3,"25-29",1,"Employed",3,"Undergraduate",1,"<500","Saudi Arabia"
855,0,0,3,2,1,1,2,1,5,5,5,5,5,20,10,50,20,1,"female",3,"25-29",3,"Student",3,"Undergraduate",3,"1001-1500","Germany"
857,0,1,1,5,4,2,3,5,4,4,4,4,4,20,10,35,35,2,"male",3,"25-29",3,"Student",2,"High school",8,"rather not say","Germany"
862,0,0,0,1,1,1,1,1,1,1,1,1,1,20,30,20,30,2,"male",4,"30-34",3,"Student",4,"Graduate",8,"rather not say","United States"
867,1,0,2,2,2,2,4,2,7,6,6,6,4,20,20,40,20,1,"female",2,"18-24",3,"Student",2,"High school",2,"501-1000","Germany"
873,1,0,3,3,3,2,5,3,5,5,5,5,5,10,20,30,40,2,"male",8,">=50",2,"Self-employed",4,"Graduate",7,">=3001","United States"
879,0,0,3,4,4,3,5,4,3,3,3,3,3,10,10,40,40,2,"male",2,"18-24",3,"Student",3,"Undergraduate",2,"501-1000","Germany"
880,0,0,2,4,6,4,6,6,4,4,4,4,4,35,5,15,45,2,"male",3,"25-29",3,"Student",4,"Graduate",2,"501-1000","Germany"
881,1,0,4,5,6,1,2,5,5,5,5,5,5,15,0,50,35,2,"male",3,"25-29",3,"Student",4,"Graduate",2,"501-1000","Italy"
895,0,0,2,1,2,1,2,2,1,1,1,1,1,30,5,35,30,2,"male",2,"18-24",1,"Employed",4,"Graduate",8,"rather not say","Turkey"
896,0,1,5,2,4,1,5,5,4,4,4,4,4,10,10,40,40,1,"female",3,"25-29",1,"Employed",4,"Graduate",8,"rather not say","Germany"
898,1,1,5,6,6,6,6,6,3,3,3,3,3,10,25,40,25,2,"male",3,"25-29",1,"Employed",4,"Graduate",5,"2001-2500","Chile"
900,0,1,2,6,6,3,4,6,6,6,5,4,6,20,10,10,60,2,"male",4,"30-34",1,"Employed",3,"Undergraduate",6,"2501-3000","Saudi Arabia"
901,0,0,0,2,2,1,6,2,2,2,6,2,3,30,40,20,10,2,"male",8,">=50",1,"Employed",4,"Graduate",7,">=3001","Finland"
903,1,0,5,6,7,4,6,6,6,5,6,6,5,15,0,60,25,2,"male",3,"25-29",3,"Student",4,"Graduate",8,"rather not say","Spain"
906,0,1,6,3,4,4,5,4,4,5,5,4,6,20,0,50,30,2,"male",4,"30-34",2,"Self-employed",4,"Graduate",3,"1001-1500","Germany"
907,0,0,1,2,2,1,5,2,2,2,2,2,2,80,10,5,5,1,"female",3,"25-29",1,"Employed",4,"Graduate",1,"<500","Russia"
915,0,0,0,2,4,3,4,4,4,4,4,4,4,70,10,10,10,2,"male",4,"30-34",2,"Self-employed",4,"Graduate",8,"rather not say","Germany"
919,0,1,3,2,2,1,2,2,3,3,3,4,2,0,0,0,100,3,"Prefer not to answer",3,"25-29",1,"Employed",4,"Graduate",8,"rather not say","Germany"
925,0,1,4,6,6,6,6,6,2,2,2,2,2,40,20,20,20,2,"male",2,"18-24",2,"Self-employed",3,"Undergraduate",1,"<500","Afghanistan"
927,0,0,1,2,2,1,3,2,2,2,3,3,3,20,10,30,40,1,"female",4,"30-34",1,"Employed",4,"Graduate",5,"2001-2500","Germany"
929,1,0,6,5,4,2,5,5,3,3,2,2,1,0,10,10,80,2,"male",4,"30-34",4,"Unemployed",4,"Graduate",7,">=3001","Germany"
934,1,0,2,3,2,2,4,6,5,4,5,5,4,35,10,25,30,2,"male",3,"25-29",1,"Employed",4,"Graduate",4,"1501-2000","Brazil"
938,0,0,2,2,5,2,2,2,2,2,2,2,2,25,10,25,40,2,"male",4,"30-34",1,"Employed",4,"Graduate",8,"rather not say","Germany"
940,1,0,5,4,3,2,4,5,7,7,7,7,7,20,5,25,50,2,"male",2,"18-24",1,"Employed",4,"Graduate",2,"501-1000","India"
947,0,1,4,3,2,4,3,2,2,5,4,4,2,35,15,25,25,3,"Prefer not to answer",3,"25-29",3,"Student",4,"Graduate",8,"rather not say","Germany"
952,0,1,3,3,5,5,6,3,7,6,7,7,6,25,10,25,40,2,"male",3,"25-29",1,"Employed",4,"Graduate",2,"501-1000","Brazil"
957,1,1,3,3,3,2,4,5,5,5,5,5,5,20,5,25,50,2,"male",2,"18-24",3,"Student",2,"High school",2,"501-1000","Germany"
959,1,1,2,6,4,5,7,7,7,6,5,4,5,14,8,18,60,2,"male",3,"25-29",3,"Student",4,"Graduate",2,"501-1000","Czech Republic"
961,0,1,3,5,4,1,4,3,4,5,5,5,4,30,20,20,30,1,"female",3,"25-29",3,"Student",4,"Graduate",2,"501-1000","Germany"
970,1,0,5,3,3,1,3,1,5,5,5,5,5,20,30,30,20,1,"female",3,"25-29",3,"Student",3,"Undergraduate",2,"501-1000","Germany"
972,1,0,5,5,7,4,5,6,4,3,4,4,3,30,10,40,20,2,"male",4,"30-34",4,"Unemployed",4,"Graduate",3,"1001-1500","Germany"
973,1,0,4,2,5,2,4,5,5,5,5,4,5,10,10,70,10,1,"female",2,"18-24",3,"Student",3,"Undergraduate",2,"501-1000","Germany"
974,0,1,7,6,6,4,6,6,5,4,4,5,4,50,1,10,39,2,"male",3,"25-29",1,"Employed",3,"Undergraduate",7,">=3001","Saudi Arabia"
976,1,0,3,2,5,2,6,3,7,5,6,6,5,10,5,25,60,2,"male",3,"25-29",1,"Employed",4,"Graduate",7,">=3001","Brazil"
977,0,1,5,5,6,4,5,6,4,4,4,4,4,35,10,20,35,2,"male",3,"25-29",3,"Student",3,"Undergraduate",2,"501-1000","Germany"
984,0,0,0,1,2,1,2,1,1,1,1,1,1,25,25,25,25,1,"female",8,">=50",1,"Employed",1,"Less than high school",3,"1001-1500","Germany"
985,0,1,1,2,1,1,2,2,5,5,7,6,5,30,5,5,60,1,"female",2,"18-24",3,"Student",2,"High school",1,"<500","Russia"
987,0,1,2,4,6,3,4,4,5,6,6,6,6,20,10,30,40,2,"male",2,"18-24",3,"Student",3,"Undergraduate",2,"501-1000","Austria"
989,0,1,4,1,2,3,4,2,7,1,7,7,1,10,0,30,60,2,"male",3,"25-29",3,"Student",3,"Undergraduate",1,"<500","Chile"
1010,1,0,0,3,3,2,4,4,3,3,4,4,3,30,5,35,30,2,"male",3,"25-29",3,"Student",4,"Graduate",1,"<500","Croatia"
1011,0,0,4,4,2,2,5,5,6,5,6,5,6,20,10,30,40,2,"male",2,"18-24",3,"Student",4,"Graduate",2,"501-1000","France"
1014,0,0,0,2,1,1,1,1,5,2,4,6,3,40,20,0,40,1,"female",3,"25-29",1,"Employed",3,"Undergraduate",2,"501-1000","Turkey"
1016,0,1,0,2,3,2,4,2,4,4,3,3,5,30,10,30,30,2,"male",2,"18-24",3,"Student",2,"High school",2,"501-1000","United Kingdom"
1018,1,0,3,3,2,1,4,3,3,3,6,5,3,20,30,20,30,1,"female",2,"18-24",3,"Student",2,"High school",2,"501-1000","Germany"
1019,1,1,1,5,4,5,4,5,5,5,5,3,5,30,10,40,20,1,"female",2,"18-24",1,"Employed",3,"Undergraduate",2,"501-1000","Germany"
1021,0,0,1,1,1,1,4,1,2,2,2,2,1,20,0,40,40,1,"female",3,"25-29",1,"Employed",3,"Undergraduate",2,"501-1000","Germany"
1023,1,0,1,6,7,6,7,7,7,7,7,7,7,3,2,50,45,2,"male",8,">=50",1,"Employed",4,"Graduate",2,"501-1000","Germany"
1025,0,0,3,4,3,2,4,3,4,4,3,5,4,30,20,10,40,1,"female",2,"18-24",3,"Student",3,"Undergraduate",8,"rather not say","United Kingdom"
1026,0,0,3,2,2,2,5,2,3,3,3,3,3,30,10,50,10,1,"female",3,"25-29",1,"Employed",4,"Graduate",2,"501-1000","Russia"
1027,0,1,5,4,4,2,6,5,4,4,4,4,4,33,34,0,33,1,"female",2,"18-24",3,"Student",2,"High school",3,"1001-1500","Germany"
1033,1,0,4,7,1,7,2,2,5,5,6,6,5,40,10,20,30,1,"female",2,"18-24",3,"Student",4,"Graduate",1,"<500","France"
1035,1,0,3,2,3,4,5,5,5,5,5,5,5,30,10,20,40,2,"male",3,"25-29",3,"Student",4,"Graduate",2,"501-1000","Spain"
1037,1,0,3,4,5,3,6,4,5,3,5,5,3,30,0,40,30,2,"male",8,">=50",1,"Employed",4,"Graduate",6,"2501-3000","Germany"
1048,1,0,4,6,6,5,6,6,6,6,6,6,6,20,5,45,30,1,"female",3,"25-29",3,"Student",4,"Graduate",2,"501-1000","Germany"
1050,0,0,2,2,2,2,4,2,3,3,3,3,3,0,0,100,0,1,"female",3,"25-29",1,"Employed",4,"Graduate",8,"rather not say","Germany"
1051,1,0,2,4,4,2,4,3,4,5,5,4,3,20,10,20,50,1,"female",4,"30-34",2,"Self-employed",4,"Graduate",4,"1501-2000","Germany"
1054,0,0,1,2,2,2,2,2,3,3,3,3,4,30,30,10,30,1,"female",2,"18-24",3,"Student",4,"Graduate",2,"501-1000","Poland"
1055,1,0,7,6,5,2,5,7,2,3,5,5,4,10,10,20,60,2,"male",3,"25-29",3,"Student",3,"Undergraduate",3,"1001-1500","Germany"
1058,1,0,2,5,4,4,5,6,4,4,3,4,4,20,30,10,40,3,"Prefer not to answer",3,"25-29",3,"Student",4,"Graduate",8,"rather not say","Germany"
1063,0,0,1,2,2,1,2,2,1,2,1,1,1,30,20,20,30,1,"female",3,"25-29",3,"Student",4,"Graduate",2,"501-1000","Italy"
1073,0,0,2,1,1,1,7,1,1,1,1,1,1,40,10,20,30,1,"female",2,"18-24",3,"Student",4,"Graduate",2,"501-1000","Germany"
1075,1,0,7,4,2,3,6,4,4,5,4,4,6,20,5,15,60,2,"male",2,"18-24",3,"Student",2,"High school",1,"<500","Germany"
1079,1,1,6,6,6,4,6,6,5,5,5,5,5,0,0,50,50,2,"male",3,"25-29",1,"Employed",4,"Graduate",2,"501-1000","Germany"
1083,0,0,1,2,2,1,2,2,1,2,2,2,1,20,0,35,45,2,"male",3,"25-29",3,"Student",3,"Undergraduate",2,"501-1000","Germany"
1086,0,1,1,2,2,2,2,2,6,5,6,6,4,25,20,30,25,2,"male",3,"25-29",3,"Student",4,"Graduate",2,"501-1000","Germany"
1087,1,1,2,3,1,2,4,2,7,5,7,7,7,15,15,35,35,1,"female",2,"18-24",3,"Student",3,"Undergraduate",2,"501-1000","Germany"
1095,0,0,0,1,3,4,2,1,3,3,3,3,4,30,5,35,30,2,"male",3,"25-29",1,"Employed",4,"Graduate",3,"1001-1500","Germany"
1100,0,1,2,4,4,2,4,4,6,6,6,6,4,30,10,20,40,1,"female",3,"25-29",3,"Student",4,"Graduate",8,"rather not say","Germany"
1101,0,1,3,5,4,5,4,3,6,6,6,6,4,25,25,25,25,1,"female",2,"18-24",3,"Student",3,"Undergraduate",2,"501-1000","Germany"
1106,0,1,2,7,7,5,6,6,6,6,6,6,6,25,0,50,25,2,"male",2,"18-24",3,"Student",3,"Undergraduate",8,"rather not say","Afghanistan"
1108,0,1,4,5,5,2,5,5,3,5,3,3,2,15,15,35,35,2,"male",2,"18-24",1,"Employed",3,"Undergraduate",3,"1001-1500","Germany"
1118,0,0,4,2,2,1,3,2,2,2,2,2,2,20,5,45,30,1,"female",3,"25-29",1,"Employed",4,"Graduate",8,"rather not say","Egypt"
1129,1,1,4,6,7,7,7,6,5,6,6,7,7,20,0,30,50,2,"male",3,"25-29",3,"Student",3,"Undergraduate",2,"501-1000","Germany"
1130,0,1,8,7,7,6,7,7,5,5,2,5,5,20,0,30,50,2,"male",2,"18-24",3,"Student",3,"Undergraduate",2,"501-1000","Italy"
1140,1,0,1,2,4,4,2,6,1,3,1,4,1,40,5,5,50,2,"male",8,">=50",5,"Retired",3,"Undergraduate",3,"1001-1500","Germany"
1154,0,1,3,5,5,2,5,5,5,5,2,6,4,20,20,10,50,1,"female",2,"18-24",3,"Student",2,"High school",3,"1001-1500","Germany"
1168,1,0,1,4,4,2,3,4,3,5,4,4,5,30,30,10,30,1,"female",8,">=50",5,"Retired",4,"Graduate",6,"2501-3000","Germany"
1177,0,1,5,3,2,2,4,3,4,5,4,6,5,15,25,30,30,1,"female",2,"18-24",3,"Student",3,"Undergraduate",2,"501-1000","Germany"
1186,1,0,6,1,3,1,4,5,6,6,5,5,4,20,0,35,45,1,"female",3,"25-29",3,"Student",3,"Undergraduate",2,"501-1000","Germany"
1196,1,0,0,3,3,2,4,3,5,4,5,4,4,20,10,30,40,2,"male",3,"25-29",3,"Student",3,"Undergraduate",3,"1001-1500","France"
1205,0,1,5,6,6,2,6,6,2,6,6,2,6,20,10,30,40,2,"male",3,"25-29",1,"Employed",4,"Graduate",8,"rather not say","Poland"
1210,0,1,4,2,5,3,5,4,6,6,6,7,5,35,10,50,5,2,"male",2,"18-24",1,"Employed",3,"Undergraduate",1,"<500","Egypt"
1222,0,1,4,3,5,1,5,5,5,5,5,5,3,20,10,10,60,1,"female",3,"25-29",3,"Student",3,"Undergraduate",2,"501-1000","Italy"
1226,0,1,1,3,3,2,6,2,2,2,4,4,4,20,10,40,30,1,"female",2,"18-24",3,"Student",4,"Graduate",2,"501-1000","Germany"
1242,0,1,2,2,2,2,6,2,4,4,4,4,4,40,30,30,0,1,"female",3,"25-29",3,"Student",3,"Undergraduate",1,"<500","Serbia"
1264,0,0,5,4,3,4,4,6,4,2,2,4,2,25,20,5,50,2,"male",3,"25-29",2,"Self-employed",4,"Graduate",6,"2501-3000","Germany"
1267,0,0,5,6,6,2,7,7,3,6,3,3,4,30,10,30,30,1,"female",3,"25-29",1,"Employed",4,"Graduate",5,"2001-2500","Germany"
1270,0,0,3,3,2,1,4,3,4,5,5,4,5,20,20,10,50,1,"female",2,"18-24",3,"Student",2,"High school",2,"501-1000","Germany"
1271,0,1,3,2,2,2,2,2,5,5,5,5,4,25,15,25,35,1,"female",2,"18-24",3,"Student",4,"Graduate",1,"<500","Germany"
1273,1,0,5,5,5,5,5,5,3,3,3,3,3,10,20,50,20,2,"male",4,"30-34",2,"Self-employed",3,"Undergraduate",3,"1001-1500","Germany"
1324,1,0,3,3,2,1,4,3,3,3,3,3,4,15,5,50,30,1,"female",2,"18-24",3,"Student",2,"High school",2,"501-1000","Netherlands"
1334,0,0,3,6,5,2,5,6,6,4,6,6,4,15,25,20,40,1,"female",3,"25-29",2,"Self-employed",4,"Graduate",4,"1501-2000","France"
1339,0,1,3,5,6,2,3,5,3,3,1,1,4,15,5,50,30,2,"male",2,"18-24",3,"Student",3,"Undergraduate",1,"<500","Tunisia"
1371,1,0,5,4,5,3,4,6,5,4,5,5,4,15,10,60,15,1,"female",2,"18-24",3,"Student",4,"Graduate",8,"rather not say","Egypt"
1372,1,1,2,3,2,2,3,2,5,5,5,4,5,20,20,30,30,1,"female",3,"25-29",3,"Student",3,"Undergraduate",2,"501-1000","Germany"
1373,1,0,2,2,3,4,3,5,2,4,2,2,5,50,25,0,25,2,"male",4,"30-34",1,"Employed",2,"High school",7,">=3001","Germany"
1379,1,0,1,6,2,5,5,2,7,7,7,7,1,15,5,40,40,1,"female",2,"18-24",3,"Student",2,"High school",8,"rather not say","Germany"
1384,1,1,4,6,2,1,6,6,6,5,5,6,7,20,10,30,40,1,"female",2,"18-24",3,"Student",4,"Graduate",1,"<500","Egypt"
1392,0,1,4,2,2,3,5,3,4,4,5,4,5,30,10,30,30,2,"male",3,"25-29",3,"Student",2,"High school",2,"501-1000","Croatia"
1399,0,0,2,2,3,2,4,4,4,4,3,3,5,15,5,10,70,3,"Prefer not to answer",2,"18-24",3,"Student",3,"Undergraduate",2,"501-1000","Germany"
1413,1,0,4,4,3,3,4,3,5,5,5,6,4,18,2,35,45,2,"male",2,"18-24",1,"Employed",4,"Graduate",8,"rather not say","Egypt"
1426,1,1,2,2,2,5,3,3,6,7,6,6,1,25,5,20,50,1,"female",2,"18-24",3,"Student",2,"High school",8,"rather not say","Egypt"
1434,1,0,6,6,6,2,3,6,6,5,6,6,6,30,5,25,40,2,"male",2,"18-24",3,"Student",3,"Undergraduate",8,"rather not say","France"
1456,1,1,0,4,5,2,4,6,6,6,6,5,2,30,20,20,30,2,"male",6,"40-44",1,"Employed",4,"Graduate",5,"2001-2500","Saudi Arabia"
1457,0,1,0,4,4,2,4,5,5,4,5,5,4,20,20,10,50,1,"female",2,"18-24",1,"Employed",3,"Undergraduate",2,"501-1000","Afghanistan"
1458,1,1,1,4,4,3,4,4,4,5,5,4,4,20,10,30,40,2,"male",3,"25-29",1,"Employed",4,"Graduate",7,">=3001","Saudi Arabia"
1470,1,0,2,2,2,2,2,2,5,5,5,5,5,10,10,15,65,1,"female",2,"18-24",3,"Student",2,"High school",1,"<500","Germany"
1471,1,0,1,4,4,4,4,3,5,5,5,5,5,40,10,30,20,1,"female",3,"25-29",3,"Student",4,"Graduate",3,"1001-1500","Germany"
1479,0,0,3,6,6,4,6,7,4,4,4,4,4,20,10,25,45,2,"male",2,"18-24",3,"Student",2,"High school",2,"501-1000","Germany"
1481,0,1,3,3,4,1,2,4,2,2,3,2,6,15,5,30,50,1,"female",4,"30-34",1,"Employed",2,"High school",3,"1001-1500","Germany"
1483,0,0,3,3,5,4,4,5,4,5,4,4,4,20,10,40,30,2,"male",4,"30-34",2,"Self-employed",3,"Undergraduate",1,"<500","Afghanistan"
1484,0,1,6,2,3,1,4,4,5,5,5,6,5,20,10,30,40,1,"female",3,"25-29",1,"Employed",3,"Undergraduate",2,"501-1000","Germany"
1495,1,0,1,3,4,2,3,3,4,5,4,4,4,20,0,40,40,1,"female",3,"25-29",1,"Employed",4,"Graduate",5,"2001-2500","France"
1505,0,0,5,3,5,2,3,3,3,3,3,3,2,15,5,65,15,2,"male",3,"25-29",3,"Student",3,"Undergraduate",1,"<500","Germany"
1519,0,0,5,6,6,6,6,6,5,5,6,5,5,30,20,35,15,2,"male",2,"18-24",3,"Student",4,"Graduate",2,"501-1000","Germany"
1520,1,1,3,5,6,2,6,6,1,3,3,2,5,15,25,30,30,2,"male",3,"25-29",1,"Employed",4,"Graduate",7,">=3001","Saudi Arabia"
1525,0,1,1,4,2,3,5,5,5,6,6,2,6,30,10,15,45,2,"male",3,"25-29",1,"Employed",4,"Graduate",4,"1501-2000","Saudi Arabia"
1527,0,0,2,4,4,3,3,6,3,3,3,4,4,25,15,25,35,2,"male",2,"18-24",1,"Employed",4,"Graduate",4,"1501-2000","Saudi Arabia"
1529,1,0,1,5,5,3,5,6,4,4,5,5,4,28,13,27,32,1,"female",2,"18-24",2,"Self-employed",3,"Undergraduate",2,"501-1000","Turkey"
1531,0,1,4,6,6,5,6,6,5,5,6,5,6,15,5,30,50,2,"male",3,"25-29",3,"Student",3,"Undergraduate",8,"rather not say","Denmark"
1536,1,1,2,3,4,3,6,5,5,2,5,4,5,20,10,20,50,2,"male",3,"25-29",3,"Student",4,"Graduate",8,"rather not say","Germany"
1537,0,1,1,4,2,1,5,4,7,7,7,6,7,20,10,20,50,1,"female",5,"35-39",3,"Student",4,"Graduate",2,"501-1000","Germany"
1543,0,0,2,2,4,2,4,2,4,4,4,4,4,20,20,30,30,2,"male",4,"30-34",3,"Student",4,"Graduate",4,"1501-2000","Czech Republic"
1546,1,0,3,5,6,4,6,6,5,5,5,5,5,37,3,33,27,2,"male",3,"25-29",1,"Employed",4,"Graduate",3,"1001-1500","Germany"
1554,0,0,3,4,3,2,5,1,5,5,5,5,4,33,30,17,20,1,"female",2,"18-24",4,"Unemployed",4,"Graduate",2,"501-1000","Finland"
1556,1,0,6,5,5,3,4,5,5,5,5,5,5,25,25,25,25,2,"male",3,"25-29",3,"Student",3,"Undergraduate",2,"501-1000","Germany"
1558,1,0,3,4,4,4,4,4,5,5,5,5,5,20,0,20,60,2,"male",3,"25-29",1,"Employed",2,"High school",7,">=3001","Liechtenstein"
1559,1,0,6,6,5,5,3,6,4,4,4,4,4,10,10,50,30,2,"male",3,"25-29",3,"Student",3,"Undergraduate",2,"501-1000","Germany"
1562,1,0,1,7,7,3,6,6,7,7,7,4,7,20,10,20,50,1,"female",2,"18-24",3,"Student",3,"Undergraduate",8,"rather not say","Macedonia"
1563,0,1,3,3,2,4,2,5,3,4,4,5,4,10,30,20,40,2,"male",3,"25-29",3,"Student",4,"Graduate",2,"501-1000","Singapore"
1571,1,0,5,6,4,5,7,7,6,5,6,6,7,25,10,25,40,1,"female",2,"18-24",3,"Student",3,"Undergraduate",2,"501-1000","France"
1573,0,0,1,3,6,1,3,6,1,1,5,1,1,25,15,50,10,1,"female",2,"18-24",3,"Student",3,"Undergraduate",1,"<500","Croatia"
1574,0,1,2,5,5,5,5,5,5,5,4,5,5,20,10,30,40,2,"male",3,"25-29",1,"Employed",4,"Graduate",3,"1001-1500","Poland"
1581,1,0,3,4,4,2,5,5,6,7,7,6,7,15,15,20,50,1,"female",2,"18-24",3,"Student",3,"Undergraduate",8,"rather not say","Germany"
1583,1,0,1,5,3,3,2,4,6,6,5,5,1,25,10,25,40,1,"female",3,"25-29",3,"Student",3,"Undergraduate",1,"<500","Croatia"
1584,0,0,4,2,2,2,6,2,2,5,2,2,5,20,10,5,65,1,"female",4,"30-34",1,"Employed",4,"Graduate",4,"1501-2000","Germany"
1586,0,1,2,4,4,4,6,5,5,6,5,5,2,30,10,20,40,1,"female",2,"18-24",3,"Student",2,"High school",2,"501-1000","Germany"
1588,0,0,1,2,2,2,2,2,3,2,3,3,3,35,10,20,35,1,"female",3,"25-29",1,"Employed",2,"High school",8,"rather not say","Germany"
1590,0,1,7,4,7,2,7,6,4,4,4,4,4,30,20,20,30,2,"male",3,"25-29",3,"Student",4,"Graduate",5,"2001-2500","Switzerland"
1592,1,0,1,6,2,5,6,6,3,7,3,5,5,5,5,20,70,2,"male",7,"45-49",1,"Employed",4,"Graduate",8,"rather not say","Switzerland"
1594,0,1,1,2,3,1,3,3,5,5,3,5,5,25,20,30,25,2,"male",3,"25-29",1,"Employed",4,"Graduate",3,"1001-1500","Russia"
1598,1,0,2,2,2,1,3,2,4,4,5,5,5,10,10,10,70,1,"female",3,"25-29",3,"Student",3,"Undergraduate",2,"501-1000","Germany"
1599,0,0,2,2,2,2,2,2,2,2,2,2,2,15,25,35,25,1,"female",2,"18-24",1,"Employed",4,"Graduate",2,"501-1000","Italy"
1604,1,1,0,5,5,3,3,3,4,5,4,5,4,40,10,10,40,2,"male",3,"25-29",4,"Unemployed",4,"Graduate",1,"<500","India"
1607,1,1,2,6,5,4,5,6,5,5,5,6,5,60,0,20,20,2,"male",3,"25-29",3,"Student",3,"Undergraduate",8,"rather not say","Germany"
1608,0,1,5,4,5,2,5,3,4,5,4,4,4,40,0,20,40,1,"female",2,"18-24",3,"Student",2,"High school",2,"501-1000","Germany"
1609,0,0,5,2,3,2,4,3,2,2,1,2,6,25,5,20,50,1,"female",2,"18-24",3,"Student",2,"High school",2,"501-1000","Germany"
1614,1,1,4,6,6,7,6,6,4,1,4,4,1,20,10,30,40,2,"male",2,"18-24",1,"Employed",3,"Undergraduate",2,"501-1000","Egypt"
1616,0,1,4,3,2,2,4,2,7,6,7,7,4,16,6,70,8,1,"female",2,"18-24",3,"Student",3,"Undergraduate",1,"<500","Poland"
1617,1,0,4,2,2,2,4,3,5,5,5,6,6,5,70,20,5,1,"female",3,"25-29",3,"Student",3,"Undergraduate",3,"1001-1500","Italy"
1622,0,0,3,2,2,2,4,1,4,2,6,2,3,10,10,70,10,1,"female",3,"25-29",3,"Student",2,"High school",7,">=3001","Germany"
1623,1,0,1,2,2,2,2,2,4,4,4,7,4,10,40,30,20,1,"female",8,">=50",2,"Self-employed",4,"Graduate",7,">=3001","Germany"
1627,0,1,4,5,6,4,6,6,6,6,7,6,7,20,5,40,35,2,"male",2,"18-24",3,"Student",3,"Undergraduate",1,"<500","Croatia"
1632,0,0,2,4,2,4,2,5,2,2,4,3,5,50,10,20,20,2,"male",2,"18-24",3,"Student",4,"Graduate",1,"<500","Tunisia"
1644,0,0,2,2,2,2,2,2,3,3,3,4,3,30,10,20,40,1,"female",3,"25-29",1,"Employed",4,"Graduate",2,"501-1000","Russia"
1649,0,0,3,5,2,2,4,2,6,5,5,5,5,20,0,20,60,2,"male",2,"18-24",3,"Student",3,"Undergraduate",2,"501-1000","Germany"
1650,0,0,1,1,2,1,6,2,2,3,6,5,4,10,0,32,58,3,"Prefer not to answer",3,"25-29",3,"Student",2,"High school",2,"501-1000","Germany"
1653,0,0,3,1,3,1,3,1,2,1,2,2,2,20,5,70,5,1,"female",3,"25-29",3,"Student",3,"Undergraduate",2,"501-1000","Germany"
1655,1,0,8,7,7,6,7,7,6,6,6,6,6,20,10,20,50,3,"Prefer not to answer",2,"18-24",3,"Student",3,"Undergraduate",2,"501-1000","Spain"
1659,0,0,3,4,4,4,4,4,4,4,4,4,4,45,5,10,40,2,"male",2,"18-24",3,"Student",3,"Undergraduate",3,"1001-1500","Germany"
1660,0,0,4,3,3,2,5,3,3,4,3,3,3,20,20,40,20,2,"male",4,"30-34",1,"Employed",4,"Graduate",8,"rather not say","Netherlands"
1661,1,0,4,6,6,5,6,6,6,6,6,6,6,15,0,50,35,2,"male",3,"25-29",3,"Student",3,"Undergraduate",3,"1001-1500","Germany"
1664,0,1,3,3,5,5,5,5,5,4,5,3,5,30,10,10,50,1,"female",2,"18-24",3,"Student",2,"High school",2,"501-1000","Germany"
1666,0,0,4,3,3,2,2,4,5,5,5,5,5,20,10,30,40,2,"male",2,"18-24",3,"Student",3,"Undergraduate",8,"rather not say","United States"
1674,1,0,2,2,2,1,2,2,4,4,4,4,4,30,10,30,30,1,"female",2,"18-24",3,"Student",4,"Graduate",2,"501-1000","Italy"
1676,1,0,1,2,2,2,4,2,4,5,4,4,5,40,10,30,20,1,"female",2,"18-24",3,"Student",2,"High school",1,"<500","Czech Republic"
1679,0,0,2,4,3,2,4,3,5,4,5,5,5,10,2,85,3,1,"female",2,"18-24",3,"Student",3,"Undergraduate",2,"501-1000","Germany"
1681,0,0,5,2,3,1,4,5,5,4,5,4,1,20,10,20,50,1,"female",2,"18-24",3,"Student",3,"Undergraduate",2,"501-1000","Germany"
1684,0,0,2,2,2,4,7,3,1,1,1,1,1,20,10,30,40,2,"male",2,"18-24",1,"Employed",4,"Graduate",1,"<500","Russia"
1686,0,0,1,2,2,2,6,2,5,3,5,4,3,10,10,40,40,2,"male",2,"18-24",3,"Student",2,"High school",2,"501-1000","Germany"
1688,0,1,4,2,5,1,7,4,7,7,7,7,7,40,20,20,20,2,"male",2,"18-24",3,"Student",2,"High school",2,"501-1000","Germany"
1691,0,0,4,2,4,4,5,5,5,3,5,4,5,25,25,25,25,2,"male",2,"18-24",3,"Student",4,"Graduate",8,"rather not say","United Kingdom"
1693,1,0,2,6,6,5,6,6,6,4,3,3,5,5,5,0,90,2,"male",2,"18-24",3,"Student",2,"High school",8,"rather not say","United States"
1695,1,1,1,5,5,3,3,5,6,6,6,6,3,10,0,20,70,2,"male",3,"25-29",3,"Student",3,"Undergraduate",4,"1501-2000","Germany"
1702,1,0,3,2,3,2,2,3,5,5,5,4,4,25,15,35,25,1,"female",2,"18-24",1,"Employed",3,"Undergraduate",4,"1501-2000","Germany"
1703,1,0,3,3,3,3,4,2,2,2,2,2,2,20,5,30,45,2,"male",3,"25-29",3,"Student",3,"Undergraduate",2,"501-1000","Germany"
1705,1,0,4,4,4,1,5,3,4,6,5,2,4,15,5,30,50,1,"female",3,"25-29",3,"Student",4,"Graduate",2,"501-1000","Germany"
1709,1,1,6,5,6,2,6,5,7,6,7,6,7,25,0,25,50,2,"male",2,"18-24",1,"Employed",2,"High school",4,"1501-2000","Germany"
1713,1,1,7,6,7,7,7,6,7,6,5,7,7,30,20,10,40,2,"male",2,"18-24",3,"Student",3,"Undergraduate",2,"501-1000","Italy"
1715,0,1,1,5,4,2,6,5,6,4,5,5,3,40,10,35,15,2,"male",2,"18-24",3,"Student",3,"Undergraduate",1,"<500","Russia"
1721,0,0,4,2,5,2,5,5,5,5,6,5,4,25,15,20,40,2,"male",2,"18-24",3,"Student",2,"High school",2,"501-1000","Germany"
1724,0,0,0,5,7,2,7,7,1,2,5,1,5,20,10,40,30,2,"male",8,">=50",1,"Employed",3,"Undergraduate",7,">=3001","Germany"
1727,0,1,3,3,4,2,3,3,6,3,4,2,4,40,0,20,40,2,"male",7,"45-49",1,"Employed",2,"High school",4,"1501-2000","Germany"
1728,1,0,1,6,5,5,6,7,6,5,6,6,5,40,20,0,40,2,"male",3,"25-29",3,"Student",2,"High school",3,"1001-1500","Germany"
1730,1,0,1,4,4,3,6,3,5,5,5,5,5,30,10,25,35,2,"male",4,"30-34",1,"Employed",4,"Graduate",3,"1001-1500","Germany"
1731,1,0,5,4,6,4,6,4,7,6,7,7,4,25,10,25,40,2,"male",2,"18-24",3,"Student",2,"High school",1,"<500","Germany"
1732,0,0,0,2,2,2,4,2,3,3,3,3,3,15,25,10,50,1,"female",3,"25-29",3,"Student",3,"Undergraduate",2,"501-1000","Germany"
1733,1,0,0,1,6,1,6,1,5,5,5,5,5,15,5,10,70,1,"female",3,"25-29",1,"Employed",3,"Undergraduate",5,"2001-2500","Germany"
1736,0,0,4,2,3,1,4,3,3,2,2,5,3,25,25,25,25,2,"male",3,"25-29",1,"Employed",3,"Undergraduate",7,">=3001","Czech Republic"
1738,0,1,4,3,3,3,4,3,5,5,5,4,3,25,5,15,55,2,"male",3,"25-29",3,"Student",3,"Undergraduate",2,"501-1000","Germany"
1743,0,0,4,6,6,2,6,6,5,5,5,5,5,35,10,20,35,2,"male",2,"18-24",1,"Employed",3,"Undergraduate",4,"1501-2000","Germany"
1745,0,0,2,3,4,3,5,3,2,3,2,2,3,20,10,40,30,2,"male",3,"25-29",3,"Student",3,"Undergraduate",1,"<500","Czech Republic"
1750,0,0,3,5,5,6,5,3,5,5,4,5,6,10,10,15,65,2,"male",3,"25-29",3,"Student",3,"Undergraduate",2,"501-1000","Germany"
1753,0,0,3,1,1,1,1,1,1,1,2,1,1,5,40,30,25,1,"female",8,">=50",1,"Employed",3,"Undergraduate",8,"rather not say","Germany"
1757,1,0,3,3,6,5,6,6,3,2,3,6,4,30,10,40,20,1,"female",3,"25-29",1,"Employed",3,"Undergraduate",3,"1001-1500","United States"
1764,1,0,0,5,5,4,4,4,4,4,4,4,3,14,1,70,15,2,"male",2,"18-24",2,"Self-employed",3,"Undergraduate",2,"501-1000","Russia"
1767,1,0,2,1,1,1,2,1,3,3,3,3,3,50,5,30,15,1,"female",2,"18-24",1,"Employed",3,"Undergraduate",7,">=3001","Switzerland"
1768,0,1,5,2,2,2,4,2,4,2,4,2,4,40,30,10,20,1,"female",4,"30-34",1,"Employed",2,"High school",5,"2001-2500","Germany"
1769,0,1,3,2,2,1,1,2,6,7,6,5,7,10,10,40,40,1,"female",3,"25-29",3,"Student",4,"Graduate",2,"501-1000","Germany"
1770,1,0,4,6,6,6,6,6,5,5,6,6,6,20,0,40,40,2,"male",3,"25-29",1,"Employed",4,"Graduate",4,"1501-2000","Germany"
1771,0,0,4,5,6,4,6,6,2,3,2,2,3,30,10,30,30,2,"male",3,"25-29",3,"Student",3,"Undergraduate",1,"<500","Germany"
1776,0,1,2,4,2,1,3,2,5,4,6,4,5,40,25,5,30,1,"female",7,"45-49",1,"Employed",4,"Graduate",7,">=3001","Poland"
1778,0,0,0,1,2,1,4,1,1,4,1,4,4,25,25,25,25,2,"male",7,"45-49",2,"Self-employed",4,"Graduate",8,"rather not say","Poland"
1780,0,0,3,2,3,1,5,3,5,4,5,5,5,30,0,20,50,1,"female",2,"18-24",3,"Student",3,"Undergraduate",3,"1001-1500","Germany"
1781,1,0,6,6,7,3,6,6,6,5,4,5,5,15,15,25,45,2,"male",2,"18-24",3,"Student",4,"Graduate",3,"1001-1500","Germany"
1783,0,0,2,1,1,1,1,1,4,4,1,1,4,20,40,10,30,2,"male",2,"18-24",3,"Student",2,"High school",1,"<500","Germany"
1785,1,0,5,5,6,4,5,6,4,5,5,5,5,30,5,30,35,2,"male",3,"25-29",3,"Student",3,"Undergraduate",3,"1001-1500","Germany"
1786,1,0,2,4,6,4,4,6,6,6,7,6,5,30,0,0,70,2,"male",2,"18-24",1,"Employed",2,"High school",4,"1501-2000","Germany"
1787,0,0,0,4,4,3,5,3,5,5,4,4,3,20,0,80,0,2,"male",1,"<18",3,"Student",3,"Undergraduate",1,"<500","Germany"
1790,1,0,2,2,2,5,4,2,6,4,5,2,5,19,17,31,33,1,"female",2,"18-24",3,"Student",2,"High school",2,"501-1000","Germany"
1791,1,0,2,5,6,5,5,6,6,6,6,6,6,30,5,5,60,2,"male",3,"25-29",1,"Employed",3,"Undergraduate",3,"1001-1500","Germany"
1792,0,0,6,5,6,1,6,4,1,1,1,1,1,15,5,30,50,2,"male",3,"25-29",3,"Student",3,"Undergraduate",2,"501-1000","Germany"
1793,0,1,3,2,2,2,2,2,4,5,5,4,5,20,30,30,20,1,"female",3,"25-29",1,"Employed",4,"Graduate",5,"2001-2500","France"
1794,1,0,3,2,2,2,4,2,2,7,7,7,5,20,20,40,20,2,"male",3,"25-29",3,"Student",3,"Undergraduate",3,"1001-1500","Germany"
1795,1,0,1,5,5,3,3,4,5,4,4,3,5,90,5,5,0,1,"female",3,"25-29",3,"Student",3,"Undergraduate",3,"1001-1500","Denmark"
1796,0,1,5,3,2,2,3,3,5,6,5,6,6,30,10,30,30,1,"female",3,"25-29",4,"Unemployed",4,"Graduate",2,"501-1000","France"
1798,1,0,3,5,5,3,3,5,5,5,5,5,5,50,10,10,30,2,"male",3,"25-29",1,"Employed",2,"High school",3,"1001-1500","Germany"
1799,0,1,4,7,6,6,6,6,7,6,5,5,5,25,25,25,25,2,"male",5,"35-39",1,"Employed",4,"Graduate",4,"1501-2000","France"
1803,1,0,1,4,4,4,4,4,4,4,3,5,4,20,20,40,20,2,"male",3,"25-29",1,"Employed",2,"High school",7,">=3001","Denmark"
1805,0,0,4,5,5,2,6,5,6,6,6,6,6,20,10,30,40,2,"male",2,"18-24",3,"Student",3,"Undergraduate",2,"501-1000","Germany"
1810,0,0,3,2,2,1,3,3,2,2,2,2,4,10,10,40,40,1,"female",1,"<18",3,"Student",1,"Less than high school",1,"<500","Germany"
1811,1,0,4,4,5,4,4,5,5,5,5,5,4,15,5,30,50,2,"male",4,"30-34",1,"Employed",2,"High school",8,"rather not say","United States"
1814,1,0,6,5,6,2,6,5,7,7,7,7,1,30,10,20,40,2,"male",2,"18-24",3,"Student",4,"Graduate",2,"501-1000","Germany"
1816,0,0,4,2,2,1,2,1,4,3,3,3,2,30,20,40,10,1,"female",6,"40-44",1,"Employed",4,"Graduate",7,">=3001","France"
1819,0,0,1,1,1,1,4,1,4,4,4,5,5,0,0,100,0,1,"female",3,"25-29",3,"Student",3,"Undergraduate",1,"<500","Germany"
1821,1,0,4,5,3,2,4,5,6,7,6,6,6,10,30,20,40,1,"female",3,"25-29",1,"Employed",4,"Graduate",3,"1001-1500","France"
1822,0,1,3,5,6,5,5,6,3,3,3,3,3,20,0,50,30,1,"female",3,"25-29",3,"Student",3,"Undergraduate",1,"<500","Germany"
1823,0,0,3,7,6,2,2,4,5,5,4,5,5,50,10,20,20,1,"female",2,"18-24",3,"Student",4,"Graduate",2,"501-1000","Germany"
1824,1,0,5,5,6,5,4,5,5,5,5,6,5,30,20,10,40,2,"male",3,"25-29",1,"Employed",4,"Graduate",2,"501-1000","Germany"
1825,1,0,2,4,4,2,5,5,5,5,5,4,4,20,10,40,30,2,"male",8,">=50",2,"Self-employed",3,"Undergraduate",7,">=3001","Germany"
1827,1,0,5,4,5,2,5,5,6,5,5,6,5,20,10,20,50,2,"male",2,"18-24",3,"Student",2,"High school",2,"501-1000","Germany"
1830,1,0,4,4,6,4,6,6,2,6,7,6,6,30,5,15,50,3,"Prefer not to answer",3,"25-29",3,"Student",4,"Graduate",2,"501-1000","France"
1831,0,0,4,5,5,2,5,5,4,5,3,4,4,25,10,40,25,1,"female",3,"25-29",4,"Unemployed",4,"Graduate",1,"<500","France"
1833,0,0,5,5,5,2,5,5,4,4,4,4,4,15,5,40,40,2,"male",2,"18-24",3,"Student",2,"High school",1,"<500","United Kingdom"
1835,0,0,5,3,2,1,3,2,5,4,3,4,4,15,15,25,45,1,"female",3,"25-29",1,"Employed",4,"Graduate",5,"2001-2500","France"
1837,1,0,4,4,4,4,5,4,5,5,5,5,5,5,5,10,80,2,"male",3,"25-29",1,"Employed",4,"Graduate",7,">=3001","Germany"
1847,0,0,3,1,1,7,4,1,2,4,2,2,2,25,25,20,30,1,"female",8,">=50",1,"Employed",4,"Graduate",7,">=3001","Germany"
1848,0,0,5,2,5,1,5,3,1,4,1,3,1,30,10,30,30,1,"female",4,"30-34",1,"Employed",4,"Graduate",7,">=3001","Germany"
1849,1,0,1,4,6,2,5,6,3,3,2,2,4,50,0,50,0,2,"male",2,"18-24",3,"Student",2,"High school",7,">=3001","Germany"
1850,0,0,5,4,3,2,4,5,4,4,4,4,3,0,0,40,60,2,"male",2,"18-24",3,"Student",2,"High school",1,"<500","Germany"
1851,1,0,7,6,6,6,6,6,6,6,6,6,6,30,10,20,40,2,"male",2,"18-24",3,"Student",2,"High school",2,"501-1000","Germany"
1853,1,0,1,3,3,3,3,5,6,6,6,6,2,8,2,10,80,2,"male",3,"25-29",1,"Employed",4,"Graduate",7,">=3001","Germany"
1854,1,1,1,4,7,3,5,5,4,4,4,4,4,15,15,55,15,2,"male",3,"25-29",3,"Student",4,"Graduate",4,"1501-2000","Germany"
1857,1,1,4,2,2,2,2,5,3,5,5,4,4,10,5,5,80,2,"male",2,"18-24",3,"Student",1,"Less than high school",2,"501-1000","Poland"
1858,0,0,2,1,1,1,4,1,1,2,3,1,3,0,0,80,20,2,"male",3,"25-29",2,"Self-employed",4,"Graduate",8,"rather not say","Germany"
1862,1,0,1,5,5,4,6,4,6,4,5,5,4,10,10,20,60,2,"male",2,"18-24",4,"Unemployed",3,"Undergraduate",1,"<500","United States"
1866,1,0,4,5,5,4,6,6,2,5,5,4,1,10,5,20,65,2,"male",3,"25-29",3,"Student",3,"Undergraduate",1,"<500","Germany"
1870,1,0,3,6,6,5,6,6,5,6,6,3,5,15,15,20,50,2,"male",8,">=50",1,"Employed",4,"Graduate",7,">=3001","United States"
1886,1,1,7,6,6,6,4,6,5,5,5,5,4,30,10,30,30,2,"male",4,"30-34",3,"Student",4,"Graduate",3,"1001-1500","Germany"
1896,1,0,2,2,2,1,4,2,7,7,7,7,7,15,20,32,33,1,"female",2,"18-24",1,"Employed",3,"Undergraduate",4,"1501-2000","Germany"
1909,0,0,2,4,3,2,4,4,4,4,5,4,4,20,10,35,35,1,"female",4,"30-34",2,"Self-employed",4,"Graduate",8,"rather not say","Germany"
1914,1,0,6,5,7,4,7,7,6,5,2,6,6,25,5,20,50,2,"male",2,"18-24",3,"Student",2,"High school",1,"<500","Germany"
1915,0,0,4,5,6,3,6,6,4,4,4,5,5,20,5,30,45,1,"female",2,"18-24",3,"Student",2,"High school",1,"<500","Germany"
1920,1,0,2,2,2,6,2,6,5,5,6,4,5,40,10,40,10,2,"male",3,"25-29",1,"Employed",4,"Graduate",5,"2001-2500","Germany"
1923,0,0,0,1,2,1,2,2,1,1,1,1,1,25,25,25,25,2,"male",8,">=50",1,"Employed",4,"Graduate",7,">=3001","Germany"
1933,0,0,0,2,2,1,4,2,4,2,4,3,4,20,5,40,35,1,"female",2,"18-24",4,"Unemployed",1,"Less than high school",8,"rather not say","Germany"
1937,0,0,5,5,5,5,6,5,3,3,3,2,3,20,35,15,30,2,"male",2,"18-24",1,"Employed",4,"Graduate",6,"2501-3000","France"
1960,1,1,1,3,5,3,3,4,5,5,3,3,7,20,10,20,50,1,"female",2,"18-24",3,"Student",3,"Undergraduate",3,"1001-1500","Switzerland"
1969,0,0,5,5,5,4,3,6,4,4,4,4,4,25,10,25,40,1,"female",3,"25-29",1,"Employed",4,"Graduate",4,"1501-2000","United Kingdom"
1970,0,0,2,5,4,2,4,5,4,5,5,6,4,15,5,20,60,3,"Prefer not to answer",2,"18-24",3,"Student",2,"High school",3,"1001-1500","United Kingdom"
1971,0,0,5,2,2,3,3,2,4,4,4,4,4,20,10,30,40,1,"female",3,"25-29",1,"Employed",2,"High school",3,"1001-1500","United Kingdom"
1995,0,1,0,2,2,2,2,2,2,1,2,2,1,50,25,10,15,1,"female",3,"25-29",3,"Student",4,"Graduate",1,"<500","Germany"
2001,0,0,2,2,2,2,4,2,3,2,2,6,3,15,5,30,50,2,"male",3,"25-29",3,"Student",3,"Undergraduate",2,"501-1000","Germany"
2017,1,0,5,4,2,2,2,6,6,5,4,4,2,10,10,50,30,1,"female",3,"25-29",1,"Employed",4,"Graduate",4,"1501-2000","Austria"
2024,0,0,3,3,3,2,3,2,3,3,3,3,3,30,10,30,30,2,"male",3,"25-29",3,"Student",3,"Undergraduate",2,"501-1000","Germany"
2027,1,0,5,5,6,4,5,5,4,4,5,5,4,10,10,20,60,1,"female",3,"25-29",3,"Student",4,"Graduate",2,"501-1000","Germany"
2029,1,0,7,6,6,4,5,3,6,2,4,6,1,10,5,80,5,1,"female",2,"18-24",3,"Student",3,"Undergraduate",1,"<500","United Kingdom"
2031,0,1,1,2,2,2,3,2,5,5,5,5,5,45,15,15,25,1,"female",2,"18-24",1,"Employed",2,"High school",2,"501-1000","Switzerland"
2032,0,1,1,5,5,1,6,5,6,6,6,6,6,25,25,25,25,1,"female",4,"30-34",2,"Self-employed",4,"Graduate",8,"rather not say","Belgium"
2034,1,0,5,6,6,5,6,6,6,7,6,5,7,55,5,20,20,2,"male",1,"<18",3,"Student",2,"High school",2,"501-1000","Germany"
2036,0,1,3,5,5,2,5,5,3,4,5,5,3,30,10,0,60,1,"female",2,"18-24",3,"Student",3,"Undergraduate",1,"<500","Germany"
2038,1,0,5,5,6,5,6,5,3,4,3,4,3,20,0,10,70,2,"male",3,"25-29",1,"Employed",4,"Graduate",2,"501-1000","Germany"
2048,0,1,4,3,3,2,3,5,4,4,4,5,4,30,10,30,30,2,"male",6,"40-44",1,"Employed",4,"Graduate",8,"rather not say","Germany"
2052,1,0,4,6,6,5,6,6,7,7,7,7,7,25,10,25,40,2,"male",2,"18-24",3,"Student",2,"High school",1,"<500","Germany"
2059,0,0,6,5,6,2,3,5,3,2,4,2,2,30,20,20,30,2,"male",2,"18-24",3,"Student",2,"High school",1,"<500","United Kingdom"
2061,1,0,6,5,6,5,5,6,6,6,6,6,6,0,0,50,50,1,"female",3,"25-29",1,"Employed",3,"Undergraduate",3,"1001-1500","Germany"
2065,0,0,3,2,2,1,4,2,1,4,1,1,1,20,10,50,20,1,"female",3,"25-29",3,"Student",3,"Undergraduate",2,"501-1000","United Kingdom"
2091,1,0,2,5,7,3,5,4,3,5,3,6,4,20,10,40,30,1,"female",4,"30-34",1,"Employed",3,"Undergraduate",8,"rather not say","United States"
2107,1,1,3,3,3,2,2,1,7,7,7,7,7,35,0,5,60,1,"female",3,"25-29",3,"Student",3,"Undergraduate",2,"501-1000","United Kingdom"
2121,1,1,3,4,2,4,2,6,4,3,5,3,6,40,0,20,40,2,"male",2,"18-24",3,"Student",3,"Undergraduate",2,"501-1000","Germany"
2122,1,0,3,2,3,3,4,2,6,5,5,6,6,25,15,30,30,1,"female",3,"25-29",1,"Employed",4,"Graduate",3,"1001-1500","Germany"
2148,1,0,4,6,6,3,4,6,4,4,4,4,5,20,30,10,40,2,"male",3,"25-29",1,"Employed",4,"Graduate",6,"2501-3000","Germany"
2153,0,0,3,2,2,2,4,2,2,2,2,2,3,15,30,30,25,1,"female",3,"25-29",1,"Employed",3,"Undergraduate",5,"2001-2500","Germany"
2154,0,1,3,2,3,2,3,5,5,3,5,6,4,30,10,20,40,1,"female",3,"25-29",1,"Employed",2,"High school",3,"1001-1500","Bulgaria"
2161,1,0,5,7,7,5,7,7,3,4,5,3,3,25,10,40,25,2,"male",4,"30-34",1,"Employed",3,"Undergraduate",8,"rather not say","United States"
2171,0,1,1,6,4,4,6,6,4,5,6,4,5,33,0,34,33,2,"male",4,"30-34",1,"Employed",3,"Undergraduate",2,"501-1000","United States"
2180,1,1,1,2,4,2,5,5,5,5,5,4,5,15,10,60,15,1,"female",3,"25-29",3,"Student",3,"Undergraduate",3,"1001-1500","Germany"
2200,1,0,5,5,5,3,6,6,5,5,5,5,3,20,10,45,25,2,"male",3,"25-29",1,"Employed",4,"Graduate",8,"rather not say","United States"
2222,0,0,1,2,2,1,1,2,1,1,1,1,1,15,5,60,20,1,"female",3,"25-29",1,"Employed",4,"Graduate",2,"501-1000","Germany"
2254,1,0,4,6,4,5,6,6,6,6,7,6,6,20,12,40,28,2,"male",3,"25-29",3,"Student",3,"Undergraduate",3,"1001-1500","Germany"
2265,1,0,2,3,3,2,4,4,3,3,4,2,3,20,10,30,40,1,"female",3,"25-29",1,"Employed",4,"Graduate",4,"1501-2000","Germany"
2276,1,1,1,5,6,5,6,3,3,1,4,3,5,20,15,25,40,1,"female",4,"30-34",1,"Employed",4,"Graduate",4,"1501-2000","United States"
2279,1,0,3,6,6,5,6,6,6,4,6,5,1,25,5,20,50,2,"male",4,"30-34",1,"Employed",3,"Undergraduate",6,"2501-3000","Germany"
2287,1,0,5,5,3,3,6,6,3,3,3,3,3,50,35,5,10,2,"male",3,"25-29",2,"Self-employed",4,"Graduate",4,"1501-2000","France"
2302,1,1,1,6,6,4,6,6,6,4,4,4,6,30,10,30,30,1,"female",3,"25-29",3,"Student",3,"Undergraduate",3,"1001-1500","Germany"
2312,1,0,2,6,5,4,5,6,4,3,4,3,2,33,10,7,50,2,"male",3,"25-29",1,"Employed",4,"Graduate",7,">=3001","United Kingdom"
2372,1,0,4,3,2,1,2,3,5,5,2,4,2,30,10,25,35,1,"female",2,"18-24",3,"Student",4,"Graduate",2,"501-1000","France"
2428,1,0,5,5,3,2,5,3,7,7,6,7,5,30,0,20,50,1,"female",3,"25-29",1,"Employed",4,"Graduate",5,"2001-2500","France"
2436,0,0,3,2,2,1,2,2,3,5,3,3,4,20,10,30,40,1,"female",2,"18-24",3,"Student",3,"Undergraduate",1,"<500","Netherlands"
2472,0,0,5,2,2,2,2,3,4,4,4,3,3,15,20,40,25,1,"female",2,"18-24",1,"Employed",4,"Graduate",5,"2001-2500","France"
2505,1,0,2,4,3,4,5,5,5,5,5,5,5,20,10,50,20,1,"female",3,"25-29",1,"Employed",4,"Graduate",4,"1501-2000","France"
2564,1,0,2,4,5,2,4,3,3,6,3,3,6,50,5,25,20,2,"male",3,"25-29",3,"Student",4,"Graduate",4,"1501-2000","Ireland"
2565,1,0,6,6,6,3,5,5,5,5,5,5,5,15,5,50,30,1,"female",2,"18-24",3,"Student",3,"Undergraduate",1,"<500","France"
2635,1,0,5,4,2,1,5,4,3,3,5,4,3,15,5,20,60,2,"male",4,"30-34",1,"Employed",4,"Graduate",3,"1001-1500","Germany"
2636,1,1,6,5,4,4,5,5,2,5,3,5,5,15,5,20,60,2,"male",2,"18-24",3,"Student",4,"Graduate",1,"<500","France"
2690,0,0,5,6,7,5,6,7,5,5,3,5,3,15,25,5,55,2,"male",2,"18-24",3,"Student",3,"Undergraduate",3,"1001-1500","France"
2809,1,1,4,2,2,1,4,3,2,2,2,2,2,20,10,20,50,1,"female",2,"18-24",3,"Student",3,"Undergraduate",3,"1001-1500","China"
2823,0,1,3,5,5,4,6,6,5,4,5,4,4,30,10,20,40,2,"male",3,"25-29",1,"Employed",4,"Graduate",2,"501-1000","Poland"
2872,1,0,5,5,5,3,5,5,5,4,5,5,5,20,10,10,60,1,"female",3,"25-29",3,"Student",3,"Undergraduate",1,"<500","United Kingdom"
2876,0,1,5,2,3,2,4,3,5,6,6,5,6,10,5,45,40,1,"female",8,">=50",1,"Employed",4,"Graduate",7,">=3001","France"
2996,1,0,3,4,3,3,3,3,3,2,5,3,3,25,5,50,20,1,"female",3,"25-29",3,"Student",4,"Graduate",2,"501-1000","United States"
3028,1,0,2,6,5,3,5,5,3,3,3,4,4,15,15,35,35,2,"male",3,"25-29",1,"Employed",3,"Undergraduate",4,"1501-2000","Germany"
3085,1,0,4,6,6,6,6,6,6,6,6,6,6,30,15,15,40,2,"male",4,"30-34",1,"Employed",4,"Graduate",7,">=3001","United Arab Emirates"
3087,1,0,3,3,5,5,4,5,6,5,6,5,6,25,15,30,30,2,"male",3,"25-29",1,"Employed",3,"Undergraduate",8,"rather not say","Germany"
3090,0,0,1,1,2,1,4,2,4,4,5,5,6,30,45,15,10,1,"female",3,"25-29",3,"Student",4,"Graduate",2,"501-1000","Germany"
3105,0,0,3,4,4,4,5,4,4,4,4,4,4,20,30,40,10,2,"male",3,"25-29",1,"Employed",4,"Graduate",4,"1501-2000","Germany"
3116,0,0,1,1,1,1,1,1,1,2,1,2,2,5,10,45,40,1,"female",8,">=50",5,"Retired",2,"High school",8,"rather not say","Netherlands"
3129,1,0,3,5,6,3,4,5,4,4,3,5,5,5,5,40,50,1,"female",1,"<18",3,"Student",1,"Less than high school",8,"rather not say","Netherlands"
3156,1,1,4,2,2,4,4,2,6,5,6,4,4,15,15,30,40,1,"female",1,"<18",3,"Student",1,"Less than high school",8,"rather not say","Netherlands"
3187,0,0,1,2,2,1,4,2,5,5,3,5,4,10,5,15,70,1,"female",3,"25-29",3,"Student",2,"High school",2,"501-1000","Netherlands"
3191,1,0,1,2,6,2,5,2,6,6,6,6,3,15,30,40,15,1,"female",2,"18-24",3,"Student",2,"High school",3,"1001-1500","Germany"
3202,0,0,2,2,2,1,2,1,2,4,2,3,4,10,10,30,50,2,"male",3,"25-29",3,"Student",3,"Undergraduate",4,"1501-2000","France"
3207,0,0,3,5,6,3,6,6,4,6,5,5,4,23,7,35,35,2,"male",3,"25-29",3,"Student",3,"Undergraduate",2,"501-1000","Netherlands"
3209,0,0,1,2,2,2,4,2,2,2,2,2,2,22,11,40,27,2,"male",4,"30-34",1,"Employed",4,"Graduate",5,"2001-2500","Germany"
3211,0,0,4,6,5,4,6,6,5,5,4,5,4,30,15,50,5,2,"male",3,"25-29",3,"Student",3,"Undergraduate",1,"<500","Netherlands"
3228,1,0,5,5,6,5,6,6,7,5,7,6,6,30,5,35,30,1,"female",3,"25-29",3,"Student",3,"Undergraduate",1,"<500","France"
3235,0,1,6,6,6,4,6,6,5,5,5,5,6,30,20,20,30,2,"male",3,"25-29",3,"Student",3,"Undergraduate",4,"1501-2000","Netherlands"
3265,1,0,4,2,2,2,2,2,6,4,5,4,5,20,0,30,50,1,"female",2,"18-24",1,"Employed",4,"Graduate",3,"1001-1500","France"
3322,1,0,5,4,6,4,5,5,7,7,7,7,7,15,10,15,60,2,"male",3,"25-29",1,"Employed",4,"Graduate",7,">=3001","Germany"
3328,0,0,2,1,2,1,1,2,5,5,5,4,5,30,5,40,25,1,"female",3,"25-29",1,"Employed",4,"Graduate",2,"501-1000","Germany"
3331,1,0,6,6,6,3,6,5,3,4,4,4,3,10,20,5,65,2,"male",7,"45-49",1,"Employed",4,"Graduate",7,">=3001","Netherlands"
3345,1,0,7,6,2,6,6,7,5,5,5,6,4,30,10,40,20,2,"male",3,"25-29",1,"Employed",4,"Graduate",4,"1501-2000","United Kingdom"
3347,1,1,2,5,5,2,5,5,5,6,5,5,5,12,10,36,42,1,"female",2,"18-24",3,"Student",2,"High school",1,"<500","United Kingdom"
3353,1,1,4,6,6,6,6,6,5,4,4,5,4,5,5,10,80,2,"male",6,"40-44",2,"Self-employed",4,"Graduate",4,"1501-2000","Austria"
3354,1,0,3,2,3,2,3,3,5,5,5,4,2,20,25,30,25,1,"female",3,"25-29",1,"Employed",4,"Graduate",4,"1501-2000","Germany"
3357,0,1,3,5,2,3,4,2,5,5,5,5,3,15,15,30,40,1,"female",2,"18-24",3,"Student",3,"Undergraduate",2,"501-1000","France"
3358,1,0,3,6,6,5,6,6,5,5,5,6,5,20,10,50,20,1,"female",2,"18-24",3,"Student",2,"High school",2,"501-1000","Finland"
3363,1,1,5,5,5,5,5,5,5,5,3,5,5,20,10,50,20,1,"female",3,"25-29",1,"Employed",4,"Graduate",4,"1501-2000","Germany"
3364,1,0,2,2,5,2,2,3,6,5,6,6,6,45,8,12,35,1,"female",4,"30-34",1,"Employed",3,"Undergraduate",4,"1501-2000","Germany"
3365,0,0,1,4,5,2,3,6,4,5,3,5,3,25,15,30,30,1,"female",2,"18-24",1,"Employed",4,"Graduate",2,"501-1000","Bulgaria"
3367,0,1,4,5,2,2,3,3,3,6,2,3,6,20,20,20,40,1,"female",2,"18-24",3,"Student",3,"Undergraduate",2,"501-1000","United Kingdom"
3369,1,0,4,4,3,2,2,2,5,5,5,6,5,10,5,35,50,1,"female",2,"18-24",3,"Student",2,"High school",1,"<500","United Kingdom"
3370,1,0,2,5,5,4,4,5,5,5,4,3,4,25,15,35,25,2,"male",4,"30-34",3,"Student",3,"Undergraduate",2,"501-1000","Netherlands"
3371,1,0,1,4,6,4,4,6,3,3,5,3,4,30,10,10,50,2,"male",2,"18-24",3,"Student",2,"High school",1,"<500","United Kingdom"
3376,1,0,0,4,4,4,3,4,5,1,4,5,4,10,10,15,65,2,"male",2,"18-24",1,"Employed",4,"Graduate",1,"<500","Bulgaria"
3377,1,0,5,7,7,4,7,7,4,4,4,4,4,45,0,10,45,2,"male",2,"18-24",2,"Self-employed",4,"Graduate",1,"<500","Bulgaria"
3378,0,0,0,1,1,1,4,1,2,1,1,2,2,40,20,40,0,2,"male",2,"18-24",1,"Employed",3,"Undergraduate",2,"501-1000","Bulgaria"
3384,0,0,2,5,5,2,4,3,3,4,4,4,4,10,0,65,25,2,"male",3,"25-29",3,"Student",3,"Undergraduate",2,"501-1000","Netherlands"
3391,0,1,5,6,6,2,6,6,4,4,4,4,6,10,10,60,20,2,"male",3,"25-29",1,"Employed",4,"Graduate",3,"1001-1500","France"
3394,0,0,4,2,4,1,6,3,3,5,3,5,1,40,20,20,20,2,"male",2,"18-24",3,"Student",3,"Undergraduate",1,"<500","United Kingdom"
3398,1,0,2,5,4,4,4,5,4,4,4,4,4,30,5,35,30,1,"female",2,"18-24",3,"Student",2,"High school",1,"<500","United Kingdom"
3399,0,0,0,2,2,2,2,2,3,3,3,3,3,30,10,30,30,1,"female",2,"18-24",3,"Student",3,"Undergraduate",8,"rather not say","United Kingdom"
3402,0,1,5,3,2,1,3,2,4,4,4,5,4,30,10,30,30,1,"female",2,"18-24",1,"Employed",4,"Graduate",2,"501-1000","Netherlands"
3404,1,0,5,5,5,4,6,5,5,5,5,5,5,10,10,40,40,1,"female",3,"25-29",1,"Employed",4,"Graduate",4,"1501-2000","Netherlands"
3407,0,0,5,5,5,4,6,5,5,4,5,4,5,15,5,30,50,2,"male",3,"25-29",3,"Student",4,"Graduate",2,"501-1000","France"
3412,0,1,0,4,1,1,4,3,1,4,4,4,1,28,27,25,20,1,"female",3,"25-29",3,"Student",2,"High school",2,"501-1000","United Kingdom"
3414,0,0,5,2,2,2,3,2,3,3,3,3,3,30,20,20,30,1,"female",2,"18-24",1,"Employed",3,"Undergraduate",3,"1001-1500","Germany"
3415,1,0,3,3,3,3,3,4,6,5,6,5,5,50,5,15,30,1,"female",2,"18-24",3,"Student",3,"Undergraduate",1,"<500","Italy"
3416,0,0,6,3,3,1,2,3,5,5,4,4,4,30,10,30,30,1,"female",3,"25-29",3,"Student",4,"Graduate",2,"501-1000","United Kingdom"
3418,1,0,1,3,3,2,5,1,5,5,2,4,3,40,10,25,25,2,"male",2,"18-24",3,"Student",3,"Undergraduate",7,">=3001","United Kingdom"
3420,1,0,6,6,6,6,6,6,6,6,5,5,5,20,10,10,60,2,"male",3,"25-29",1,"Employed",4,"Graduate",3,"1001-1500","Germany"
3439,0,0,5,2,3,2,5,4,2,2,2,2,2,50,5,40,5,1,"female",2,"18-24",3,"Student",2,"High school",2,"501-1000","France"
3458,1,0,5,2,5,5,5,3,6,5,6,5,2,20,1,50,29,1,"female",2,"18-24",3,"Student",3,"Undergraduate",1,"<500","United Kingdom"
3462,1,0,1,3,4,2,3,3,4,3,3,4,2,20,10,30,40,2,"male",3,"25-29",1,"Employed",4,"Graduate",5,"2001-2500","France"
3472,0,0,1,1,2,1,2,1,2,3,2,2,2,20,10,30,40,1,"female",2,"18-24",3,"Student",3,"Undergraduate",2,"501-1000","United Kingdom"
3477,1,0,4,6,3,2,3,3,7,6,6,7,5,30,25,25,20,1,"female",2,"18-24",3,"Student",2,"High school",2,"501-1000","India"
3484,1,0,4,3,3,2,4,3,6,5,6,6,5,15,10,45,30,1,"female",3,"25-29",1,"Employed",4,"Graduate",1,"<500","United Kingdom"
3486,0,1,4,6,2,6,2,2,4,4,4,4,4,10,5,80,5,1,"female",3,"25-29",3,"Student",3,"Undergraduate",2,"501-1000","United States"
3489,1,0,5,5,2,1,4,2,5,3,4,5,3,60,5,20,15,2,"male",2,"18-24",3,"Student",4,"Graduate",2,"501-1000","New Zealand"
3491,0,1,3,3,2,3,3,3,5,5,5,5,5,10,10,30,50,1,"female",2,"18-24",3,"Student",2,"High school",2,"501-1000","United Kingdom"
3493,0,0,0,1,2,1,2,2,2,2,2,2,2,20,15,50,15,1,"female",3,"25-29",3,"Student",4,"Graduate",8,"rather not say","United Kingdom"
3500,1,0,5,4,4,2,4,5,5,3,5,4,3,22,18,25,35,1,"female",3,"25-29",3,"Student",4,"Graduate",3,"1001-1500","Australia"
3508,1,1,5,4,2,4,2,2,7,6,7,4,4,30,5,15,50,2,"male",2,"18-24",3,"Student",4,"Graduate",8,"rather not say","India"
3517,1,1,4,4,4,4,4,4,5,4,5,4,2,5,5,50,40,1,"female",2,"18-24",3,"Student",2,"High school",1,"<500","Germany"
3522,0,1,4,5,3,4,3,3,4,5,3,3,4,40,10,25,25,1,"female",2,"18-24",3,"Student",3,"Undergraduate",2,"501-1000","India"
3523,0,0,2,4,1,1,1,1,2,1,2,5,3,60,10,10,20,1,"female",2,"18-24",3,"Student",2,"High school",1,"<500","United Kingdom"
3525,1,0,5,7,7,5,7,7,6,6,5,5,5,40,5,40,15,1,"female",2,"18-24",3,"Student",2,"High school",8,"rather not say","Egypt"
3528,1,0,4,3,3,1,3,3,6,6,6,7,3,8,2,30,60,1,"female",2,"18-24",3,"Student",2,"High school",1,"<500","United Kingdom"
3531,1,0,6,6,6,4,6,6,4,4,5,7,5,30,0,40,30,1,"female",2,"18-24",3,"Student",4,"Graduate",8,"rather not say","United Kingdom"
3532,0,0,1,2,2,1,2,2,4,4,4,4,4,60,0,40,0,1,"female",2,"18-24",3,"Student",3,"Undergraduate",1,"<500","United Kingdom"
3533,1,0,1,6,6,6,6,6,6,5,5,6,6,25,15,10,50,2,"male",3,"25-29",1,"Employed",4,"Graduate",7,">=3001","France"
3534,1,0,2,4,4,3,3,3,6,5,7,6,5,20,10,20,50,1,"female",2,"18-24",3,"Student",2,"High school",4,"1501-2000","Canada"
3539,0,0,1,3,6,2,2,3,5,5,5,5,5,20,10,30,40,1,"female",6,"40-44",1,"Employed",4,"Graduate",4,"1501-2000","Germany"
3540,0,1,4,4,2,2,2,2,4,4,4,4,4,20,10,40,30,1,"female",1,"<18",3,"Student",1,"Less than high school",1,"<500","United Kingdom"
3543,1,0,1,5,5,4,6,6,5,5,5,5,5,20,20,30,30,2,"male",3,"25-29",3,"Student",4,"Graduate",2,"501-1000","France"
3547,1,0,4,5,5,7,6,5,6,6,6,6,6,30,10,20,40,1,"female",4,"30-34",1,"Employed",4,"Graduate",8,"rather not say","Germany"
3553,0,1,3,4,3,2,3,3,5,5,5,5,5,30,15,25,30,2,"male",4,"30-34",1,"Employed",3,"Undergraduate",5,"2001-2500","Germany"
3555,0,1,3,4,3,1,2,3,4,4,5,4,5,10,50,20,20,1,"female",2,"18-24",1,"Employed",4,"Graduate",2,"501-1000","Germany"
3559,1,0,5,7,7,7,7,7,7,7,7,7,7,20,10,40,30,2,"male",3,"25-29",1,"Employed",4,"Graduate",6,"2501-3000","Germany"
3560,1,0,0,2,6,3,6,3,4,5,4,4,5,15,15,30,40,2,"male",2,"18-24",1,"Employed",3,"Undergraduate",2,"501-1000","Germany"
3563,0,0,4,6,6,4,5,6,5,5,5,5,5,20,10,30,40,2,"male",3,"25-29",1,"Employed",4,"Graduate",6,"2501-3000","Germany"
3570,0,1,3,4,4,2,5,4,3,5,5,3,5,40,20,20,20,2,"male",5,"35-39",1,"Employed",2,"High school",7,">=3001","Germany"
3577,1,0,3,2,3,1,3,1,3,3,4,4,3,50,0,20,30,1,"female",3,"25-29",1,"Employed",4,"Graduate",4,"1501-2000","Germany"
3582,1,0,4,4,5,4,5,5,6,6,6,5,7,20,20,10,50,2,"male",3,"25-29",1,"Employed",3,"Undergraduate",4,"1501-2000","Germany"
3589,1,0,5,5,4,5,6,4,6,6,6,6,7,5,5,20,70,1,"female",3,"25-29",1,"Employed",4,"Graduate",8,"rather not say","Germany"
3591,1,0,3,4,5,2,6,6,6,4,5,6,5,50,0,30,20,2,"male",3,"25-29",2,"Self-employed",4,"Graduate",4,"1501-2000","Germany"
3593,0,0,6,4,4,2,4,2,4,4,4,4,4,10,10,50,30,2,"male",3,"25-29",1,"Employed",3,"Undergraduate",8,"rather not say","Germany"
3597,1,0,4,6,7,5,6,7,7,7,7,7,7,20,5,25,50,2,"male",3,"25-29",1,"Employed",3,"Undergraduate",7,">=3001","Germany"
3604,1,0,0,6,7,6,5,6,2,3,5,3,3,50,0,25,25,2,"male",2,"18-24",1,"Employed",3,"Undergraduate",3,"1001-1500","Germany"
3605,1,1,3,3,3,1,5,3,7,6,6,5,7,15,5,30,50,1,"female",2,"18-24",1,"Employed",2,"High school",2,"501-1000","Germany"
3608,1,1,5,5,6,5,6,5,6,5,5,5,5,20,5,25,50,2,"male",2,"18-24",1,"Employed",3,"Undergraduate",2,"501-1000","Germany"
3609,1,1,3,2,2,2,2,5,5,3,4,5,4,30,20,30,20,2,"male",3,"25-29",1,"Employed",4,"Graduate",3,"1001-1500","Germany"
3612,1,0,5,6,6,4,6,6,3,4,4,4,5,40,5,20,35,2,"male",4,"30-34",2,"Self-employed",4,"Graduate",2,"501-1000","Greece"
3613,0,1,3,3,2,1,3,2,5,4,5,3,5,10,2,18,70,1,"female",2,"18-24",1,"Employed",3,"Undergraduate",5,"2001-2500","Germany"
3615,0,0,2,6,7,3,6,7,2,2,2,4,4,50,0,0,50,2,"male",4,"30-34",1,"Employed",4,"Graduate",7,">=3001","Germany"
3618,0,0,0,2,2,1,3,2,2,2,2,2,2,0,0,70,30,2,"male",5,"35-39",1,"Employed",4,"Graduate",7,">=3001","Germany"
3619,1,0,7,6,6,4,7,7,5,5,5,5,5,30,10,30,30,2,"male",2,"18-24",3,"Student",2,"High school",2,"501-1000","Germany"
3622,1,0,0,5,6,6,5,6,6,6,3,6,5,10,25,25,40,2,"male",5,"35-39",1,"Employed",3,"Undergraduate",4,"1501-2000","Germany"
3630,0,1,2,4,5,2,4,6,6,5,5,5,6,30,20,0,50,1,"female",3,"25-29",1,"Employed",4,"Graduate",8,"rather not say","Germany"
3632,1,1,4,5,5,6,6,5,5,4,5,5,4,15,15,30,40,2,"male",6,"40-44",1,"Employed",4,"Graduate",8,"rather not say","Germany"
3635,1,0,4,6,5,3,6,6,4,4,4,4,4,40,20,20,20,2,"male",5,"35-39",1,"Employed",2,"High school",2,"501-1000","Germany"
3636,0,1,5,5,3,1,3,3,4,4,4,4,4,25,10,40,25,2,"male",3,"25-29",1,"Employed",4,"Graduate",5,"2001-2500","United Arab Emirates"
3638,1,0,5,5,6,2,4,6,6,5,6,2,5,25,30,15,30,1,"female",4,"30-34",1,"Employed",3,"Undergraduate",5,"2001-2500","Germany"
3640,1,0,4,4,7,3,6,6,3,4,5,3,4,30,15,15,40,2,"male",5,"35-39",1,"Employed",4,"Graduate",6,"2501-3000","Germany"
3643,0,1,2,4,4,2,6,4,5,4,6,5,3,25,15,15,45,2,"male",4,"30-34",1,"Employed",4,"Graduate",3,"1001-1500","Germany"
3650,1,0,5,7,6,2,6,6,5,6,6,6,6,30,5,20,45,2,"male",5,"35-39",1,"Employed",3,"Undergraduate",8,"rather not say","Germany"
3657,0,0,3,5,3,4,4,3,4,5,5,4,5,25,10,30,35,2,"male",3,"25-29",1,"Employed",4,"Graduate",7,">=3001","Germany"
3673,0,1,4,2,2,1,4,3,5,4,4,6,6,27,23,15,35,2,"male",3,"25-29",2,"Self-employed",4,"Graduate",2,"501-1000","Germany"
3681,1,0,2,6,6,2,6,6,4,4,2,3,1,0,0,100,0,1,"female",2,"18-24",3,"Student",2,"High school",1,"<500","Australia"
3683,0,0,4,2,2,1,4,2,2,1,1,3,2,20,40,20,20,1,"female",4,"30-34",4,"Unemployed",3,"Undergraduate",2,"501-1000","Germany"
3684,1,0,3,2,3,2,4,3,5,4,5,4,5,40,10,20,30,1,"female",2,"18-24",3,"Student",3,"Undergraduate",2,"501-1000","Germany"
3686,1,0,3,2,2,1,2,3,6,6,5,6,4,40,10,15,35,1,"female",3,"25-29",3,"Student",3,"Undergraduate",1,"<500","United Kingdom"
3689,1,0,7,4,4,3,4,4,4,6,6,4,4,25,10,15,50,2,"male",3,"25-29",1,"Employed",2,"High school",3,"1001-1500","Benin"
3691,1,1,3,5,5,6,5,7,5,5,5,5,5,30,15,25,30,1,"female",3,"25-29",1,"Employed",4,"Graduate",8,"rather not say","Germany"
3692,1,0,0,3,3,5,6,4,6,7,7,5,4,5,5,60,30,1,"female",2,"18-24",1,"Employed",4,"Graduate",3,"1001-1500","Germany"
3706,1,0,3,3,3,1,5,5,5,4,3,3,3,5,5,30,60,2,"male",3,"25-29",1,"Employed",4,"Graduate",5,"2001-2500","Germany"
3709,1,0,1,4,4,4,4,4,4,4,4,4,4,20,10,40,30,2,"male",5,"35-39",1,"Employed",4,"Graduate",8,"rather not say","Germany"
3710,0,0,6,4,4,4,4,4,3,3,4,4,4,5,5,50,40,2,"male",3,"25-29",1,"Employed",2,"High school",2,"501-1000","Germany"
3712,1,1,2,7,7,7,7,7,4,4,5,4,4,45,5,12,38,2,"male",3,"25-29",1,"Employed",4,"Graduate",8,"rather not say","Germany"
3719,1,0,7,6,7,5,6,6,7,6,6,6,6,30,15,30,25,2,"male",3,"25-29",1,"Employed",3,"Undergraduate",2,"501-1000","Germany"
3726,1,0,4,6,7,5,6,7,3,2,6,2,6,20,10,30,40,2,"male",3,"25-29",1,"Employed",4,"Graduate",3,"1001-1500","Germany"
3730,0,1,2,3,3,2,5,5,4,5,5,3,5,25,15,20,40,2,"male",3,"25-29",1,"Employed",4,"Graduate",4,"1501-2000","Germany"
3738,0,0,0,2,2,2,5,2,2,2,2,3,5,25,30,15,30,2,"male",5,"35-39",1,"Employed",4,"Graduate",7,">=3001","Germany"
3740,1,1,3,6,6,4,6,6,5,5,5,5,5,30,10,10,50,2,"male",4,"30-34",1,"Employed",4,"Graduate",8,"rather not say","Germany"
3741,0,1,3,2,2,1,1,5,2,5,5,3,4,15,5,50,30,1,"female",2,"18-24",3,"Student",3,"Undergraduate",1,"<500","United Kingdom"
3744,1,1,5,5,6,4,5,4,4,4,4,4,4,25,20,5,50,1,"female",3,"25-29",1,"Employed",4,"Graduate",8,"rather not say","Germany"
